Period,Number,Result,Timestamp
20260905100050476,8,BIG,2026-09-05 04:02:54
20260905100050477,4,SMALL,2026-09-05 04:02:54
20260905100050478,5,BIG,2026-09-05 04:02:54
20260905100050479,5,BIG,2026-09-05 04:02:54
20260905100050480,3,SMALL,2026-09-05 04:02:54
20260905100050481,7,BIG,2026-09-05 04:02:54
20260905100050482,5,BIG,2026-09-05 04:02:54
20260905100050483,0,SMALL,2026-09-05 04:02:54
20260905100050484,0,SMALL,2026-09-05 04:02:54
20260905100050485,7,BIG,2026-09-05 04:02:54
20260905100050475,1,SMALL,2026-09-05 04:02:54
20260905100050486,0,SMALL,2026-09-05 04:03:00
20260905100050487,2,SMALL,2026-09-05 04:03:29
20260905100050488,9,BIG,2026-09-05 04:03:57
20260905100050489,5,BIG,2026-09-05 04:04:31
20260905100050490,7,BIG,2026-09-05 04:05:00
20260905100050491,1,SMALL,2026-09-05 04:05:28
20260905100050492,1,SMALL,2026-09-05 04:05:57
20260905100050493,5,BIG,2026-09-05 04:06:29
20260905100050494,3,SMALL,2026-09-05 04:06:58
20260905100050495,9,BIG,2026-09-05 04:07:31
20260905100050496,9,BIG,2026-09-05 04:08:00
20260905100050497,1,SMALL,2026-09-05 04:08:28
20260905100050498,8,BIG,2026-09-05 04:08:57
20260905100050499,8,BIG,2026-09-05 04:09:31
20260905100050500,1,SMALL,2026-09-05 04:10:00
20260905100050501,6,BIG,2026-09-05 04:10:28
20260905100050502,8,BIG,2026-09-05 04:10:57
20260905100050503,0,SMALL,2026-09-05 04:11:31
20260905100050504,3,SMALL,2026-09-05 04:12:00
20260905100050505,5,BIG,2026-09-05 04:12:28
20260905100050506,7,BIG,2026-09-05 04:12:57
20260905100050507,5,BIG,2026-09-05 04:13:31
20260905100050508,3,SMALL,2026-09-05 04:14:00
20260905100050509,3,SMALL,2026-09-05 04:14:28
20260905100050510,2,SMALL,2026-09-05 04:14:57
20260905100050511,1,SMALL,2026-09-05 04:15:31
20260905100050512,0,SMALL,2026-09-05 04:16:00
20260905100050513,9,BIG,2026-09-05 04:16:28
20260905100050514,9,BIG,2026-09-05 04:16:57
20260905100050515,6,BIG,2026-09-05 04:17:31
20260905100050516,3,SMALL,2026-09-05 04:18:00
20260905100050517,4,SMALL,2026-09-05 04:18:28
20260905100050518,2,SMALL,2026-09-05 04:18:57
20260905100050519,9,BIG,2026-09-05 04:19:31
20260905100050520,1,SMALL,2026-09-05 04:19:59
20260905100050521,4,SMALL,2026-09-05 04:20:29
20260905100050522,5,BIG,2026-09-05 04:20:58
20260905100050523,3,SMALL,2026-09-05 04:21:31
20260905100050524,9,BIG,2026-09-05 04:22:00
20260905100050525,7,BIG,2026-09-05 04:22:29
20260905100050526,3,SMALL,2026-09-05 04:22:58
20260905100050527,2,SMALL,2026-09-05 04:23:31
20260905100050528,2,SMALL,2026-09-05 04:24:00
20260905100050529,2,SMALL,2026-09-05 04:24:29
20260905100050530,1,SMALL,2026-09-05 04:24:58
20260905100050531,0,SMALL,2026-09-05 04:25:31
20260905100050532,3,SMALL,2026-09-05 04:26:00
20260905100050533,4,SMALL,2026-09-05 04:26:29
20260905100050534,4,SMALL,2026-09-05 04:26:58
20260905100050535,1,SMALL,2026-09-05 04:27:31
20260905100050536,8,BIG,2026-09-05 04:28:00
20260905100050537,9,BIG,2026-09-05 04:28:29
20260905100050538,8,BIG,2026-09-05 04:28:58
20260905100050539,1,SMALL,2026-09-05 04:29:31
20260905100050540,3,SMALL,2026-09-05 04:30:00
20260905100050541,4,SMALL,2026-09-05 04:30:29
20260905100050542,0,SMALL,2026-09-05 04:30:58
20260905100050543,8,BIG,2026-09-05 04:31:31
20260905100050544,4,SMALL,2026-09-05 04:32:00
20260905100050545,5,BIG,2026-09-05 04:32:29
20260905100050546,7,BIG,2026-09-05 04:32:58
20260905100050547,4,SMALL,2026-09-05 04:33:31
20260905100050548,0,SMALL,2026-09-05 04:34:00
20260905100050549,7,BIG,2026-09-05 04:34:29
20260905100050550,2,SMALL,2026-09-05 04:34:58
20260905100050551,0,SMALL,2026-09-05 04:35:31
20260905100050552,4,SMALL,2026-09-05 04:36:00
20260905100050553,4,SMALL,2026-09-05 04:36:29
20260905100050554,5,BIG,2026-09-05 04:36:58
20260905100050555,2,SMALL,2026-09-05 04:37:27
20260905100050556,0,SMALL,2026-09-05 04:38:01
20260905100050557,5,BIG,2026-09-05 04:38:30
20260905100050558,1,SMALL,2026-09-05 04:38:59
20260905100050559,5,BIG,2026-09-05 04:39:28
20260905100050560,5,BIG,2026-09-05 04:39:57
20260905100050561,3,SMALL,2026-09-05 04:40:35
20260905100050562,1,SMALL,2026-09-05 04:40:59
20260905100050563,9,BIG,2026-09-05 04:41:28
20260905100050564,9,BIG,2026-09-05 04:42:01
20260905100050565,5,BIG,2026-09-05 04:42:30
20260905100050566,1,SMALL,2026-09-05 04:42:59
20260905100050567,5,BIG,2026-09-05 04:43:28
20260905100050568,1,SMALL,2026-09-05 04:44:01
20260905100050569,4,SMALL,2026-09-05 04:44:30
20260905100050570,3,SMALL,2026-09-05 04:45:00
20260905100050571,8,BIG,2026-09-05 04:45:29
20260905100050572,3,SMALL,2026-09-05 04:45:58
20260905100050573,3,SMALL,2026-09-05 04:46:30
20260905100050574,0,SMALL,2026-09-05 04:46:59
20260905100050575,5,BIG,2026-09-05 04:47:28
20260905100050576,5,BIG,2026-09-05 04:48:01
20260905100050577,1,SMALL,2026-09-05 04:48:30
20260905100050578,0,SMALL,2026-09-05 04:48:58
20260905100050579,1,SMALL,2026-09-05 04:49:31
20260905100050580,4,SMALL,2026-09-05 04:50:00
20260905100050581,1,SMALL,2026-09-05 04:50:29
20260905100050582,2,SMALL,2026-09-05 04:50:58
20260905100050583,2,SMALL,2026-09-05 04:51:31
20260905100050584,8,BIG,2026-09-05 04:52:00
20260905100050585,9,BIG,2026-09-05 04:52:29
20260905100050586,1,SMALL,2026-09-05 04:52:58
20260905100050587,3,SMALL,2026-09-05 04:53:31
20260905100050588,5,BIG,2026-09-05 04:54:00
20260905100050589,1,SMALL,2026-09-05 04:54:29
20260905100050590,2,SMALL,2026-09-05 04:54:58
20260905100050591,8,BIG,2026-09-05 04:55:31
20260905100050592,4,SMALL,2026-09-05 04:56:00
20260905100050593,9,BIG,2026-09-05 04:56:29
20260905100050594,8,BIG,2026-09-05 04:56:58
20260905100050595,7,BIG,2026-09-05 04:57:32
20260905100050596,2,SMALL,2026-09-05 04:58:00
20260905100050597,4,SMALL,2026-09-05 04:58:30
20260905100050598,3,SMALL,2026-09-05 04:58:59
20260905100050599,9,BIG,2026-09-05 04:59:27
20260905100050600,7,BIG,2026-09-05 04:59:57
20260905100050601,9,BIG,2026-09-05 05:00:31
20260905100050602,6,BIG,2026-09-05 05:01:00
20260905100050603,0,SMALL,2026-09-05 05:01:28
20260905100050604,7,BIG,2026-09-05 05:02:01
20260905100050605,2,SMALL,2026-09-05 05:02:30
20260905100050606,0,SMALL,2026-09-05 05:02:59
20260905100050607,1,SMALL,2026-09-05 05:03:28
20260905100050608,4,SMALL,2026-09-05 05:04:02
20260905100050609,3,SMALL,2026-09-05 05:04:31
20260905100050610,8,BIG,2026-09-05 05:04:59
20260905100050611,7,BIG,2026-09-05 05:05:28
20260905100050612,3,SMALL,2026-09-05 05:05:57
20260905100050613,1,SMALL,2026-09-05 05:06:31
20260905100050614,2,SMALL,2026-09-05 05:07:00
20260905100050615,1,SMALL,2026-09-05 05:07:29
20260905100050616,8,BIG,2026-09-05 05:07:57
20260905100050617,6,BIG,2026-09-05 05:08:31
20260905100050618,5,BIG,2026-09-05 05:08:59
20260905100050619,0,SMALL,2026-09-05 05:09:28
20260905100050620,3,SMALL,2026-09-05 05:10:02
20260905100050621,8,BIG,2026-09-05 05:10:30
20260905100050622,7,BIG,2026-09-05 05:10:59
20260905100050623,4,SMALL,2026-09-05 05:11:28
20260905100050624,5,BIG,2026-09-05 05:12:02
20260905100050625,0,SMALL,2026-09-05 05:12:30
20260905100050626,0,SMALL,2026-09-05 05:12:59
20260905100050627,2,SMALL,2026-09-05 05:13:29
20260905100050628,6,BIG,2026-09-05 05:13:58
20260905100050629,5,BIG,2026-09-05 05:14:31
20260905100050630,5,BIG,2026-09-05 05:15:00
20260905100050631,2,SMALL,2026-09-05 05:15:29
20260905100050632,0,SMALL,2026-09-05 05:15:59
20260905100050633,4,SMALL,2026-09-05 05:16:27
20260905100050634,4,SMALL,2026-09-05 05:17:01
20260905100050635,6,BIG,2026-09-05 05:17:30
20260905100050636,9,BIG,2026-09-05 05:17:59
20260905100050637,2,SMALL,2026-09-05 05:18:32
20260905100050638,4,SMALL,2026-09-05 05:19:00
20260905100050639,1,SMALL,2026-09-05 05:19:29
20260905100050640,8,BIG,2026-09-05 05:19:58
20260905100050641,4,SMALL,2026-09-05 05:20:31
20260905100050642,8,BIG,2026-09-05 05:21:00
20260905100050643,1,SMALL,2026-09-05 05:21:29
20260905100050644,1,SMALL,2026-09-05 05:21:58
20260905100050645,6,BIG,2026-09-05 05:22:31
20260905100050646,5,BIG,2026-09-05 05:23:00
20260905100050647,5,BIG,2026-09-05 05:23:29
20260905100050648,6,BIG,2026-09-05 05:23:58
20260905100050649,1,SMALL,2026-09-05 05:24:28
20260905100050650,7,BIG,2026-09-05 05:25:02
20260905100050651,6,BIG,2026-09-05 05:25:30
20260905100050652,0,SMALL,2026-09-05 05:25:59
20260905100050653,0,SMALL,2026-09-05 05:26:28
20260905100050654,1,SMALL,2026-09-05 05:26:57
20260905100050655,3,SMALL,2026-09-05 05:27:31
20260905100050656,0,SMALL,2026-09-05 05:28:00
20260905100050657,6,BIG,2026-09-05 05:28:29
20260905100050658,4,SMALL,2026-09-05 05:28:58
20260905100050659,8,BIG,2026-09-05 05:29:31
20260905100050660,9,BIG,2026-09-05 05:30:00
20260905100050661,9,BIG,2026-09-05 05:30:29
20260905100050662,4,SMALL,2026-09-05 05:30:58
20260905100050663,4,SMALL,2026-09-05 05:31:31
20260905100050664,0,SMALL,2026-09-05 05:32:04
20260905100050665,8,BIG,2026-09-05 05:32:29
20260905100050666,3,SMALL,2026-09-05 05:33:02
20260905100050667,2,SMALL,2026-09-05 05:33:30
20260905100050668,6,BIG,2026-09-05 05:33:59
20260905100050669,9,BIG,2026-09-05 05:34:27
20260905100050670,3,SMALL,2026-09-05 05:35:01
20260905100050671,5,BIG,2026-09-05 05:35:29
20260905100050672,3,SMALL,2026-09-05 05:35:58
20260905100050673,5,BIG,2026-09-05 05:36:27
20260905100050674,4,SMALL,2026-09-05 05:37:01
20260905100050675,4,SMALL,2026-09-05 05:37:30
20260905100050676,4,SMALL,2026-09-05 05:38:03
20260905100050677,5,BIG,2026-09-05 05:38:27
20260905100050678,7,BIG,2026-09-05 05:39:01
20260905100050679,2,SMALL,2026-09-05 05:39:30
20260905100050680,2,SMALL,2026-09-05 05:39:58
20260905100050681,9,BIG,2026-09-05 05:40:32
20260905100050682,8,BIG,2026-09-05 05:41:01
20260905100050683,3,SMALL,2026-09-05 05:41:30
20260905100050684,8,BIG,2026-09-05 05:41:59
20260905100050685,6,BIG,2026-09-05 05:42:32
20260905100050686,6,BIG,2026-09-05 05:43:00
20260905100050687,0,SMALL,2026-09-05 05:43:29
20260905100050688,0,SMALL,2026-09-05 05:43:58
20260905100050689,8,BIG,2026-09-05 05:44:27
20260905100050690,0,SMALL,2026-09-05 05:45:01
20260905100050691,0,SMALL,2026-09-05 05:45:30
20260905100050692,5,BIG,2026-09-05 05:45:59
20260905100050693,7,BIG,2026-09-05 05:46:31
20260905100050694,8,BIG,2026-09-05 05:47:00
20260905100050695,4,SMALL,2026-09-05 05:47:29
20260905100050696,1,SMALL,2026-09-05 05:47:58
20260905100050697,9,BIG,2026-09-05 05:48:31
20260905100050698,5,BIG,2026-09-05 05:49:00
20260905100050699,4,SMALL,2026-09-05 05:49:29
20260905100050700,2,SMALL,2026-09-05 05:49:58
20260905100050701,6,BIG,2026-09-05 05:50:27
20260905100050702,6,BIG,2026-09-05 05:51:01
20260905100050703,5,BIG,2026-09-05 05:51:30
20260905100050704,8,BIG,2026-09-05 05:51:59
20260905100050705,3,SMALL,2026-09-05 05:52:27
20260905100050706,1,SMALL,2026-09-05 05:53:01
20260905100050707,0,SMALL,2026-09-05 05:53:30
20260905100050708,0,SMALL,2026-09-05 05:53:59
20260905100050709,2,SMALL,2026-09-05 05:54:28
20260905100050710,4,SMALL,2026-09-05 05:55:01
20260905100050711,9,BIG,2026-09-05 05:55:30
20260905100050712,0,SMALL,2026-09-05 05:55:59
20260905100050713,3,SMALL,2026-09-05 05:56:28
20260905100050714,2,SMALL,2026-09-05 05:56:57
20260905100050715,2,SMALL,2026-09-05 05:57:30
20260905100050716,9,BIG,2026-09-05 05:57:59
20260905100050717,1,SMALL,2026-09-05 05:58:28
20260905100050718,4,SMALL,2026-09-05 05:58:57
20260905100050719,2,SMALL,2026-09-05 05:59:31
20260905100050720,2,SMALL,2026-09-05 05:59:59
20260905100050721,0,SMALL,2026-09-05 06:00:28
20260905100050722,7,BIG,2026-09-05 06:01:02
20260905100050723,5,BIG,2026-09-05 06:01:30
20260905100050724,8,BIG,2026-09-05 06:01:59
20260905100050725,0,SMALL,2026-09-05 06:02:28
20260905100050726,5,BIG,2026-09-05 06:03:02
20260905100050727,3,SMALL,2026-09-05 06:03:27
20260905100050728,5,BIG,2026-09-05 06:04:01
20260905100050729,8,BIG,2026-09-05 06:04:31
20260905100050730,6,BIG,2026-09-05 06:04:59
20260905100050731,7,BIG,2026-09-05 06:05:28
20260905100050732,1,SMALL,2026-09-05 06:05:58
20260905100050733,6,BIG,2026-09-05 06:06:27
20260905100050734,2,SMALL,2026-09-05 06:06:57
20260905100050735,0,SMALL,2026-09-05 06:07:30
20260905100050736,6,BIG,2026-09-05 06:07:59
20260905100050737,2,SMALL,2026-09-05 06:08:28
20260905100050738,7,BIG,2026-09-05 06:08:57
20260905100050739,8,BIG,2026-09-05 06:09:31
20260905100050740,5,BIG,2026-09-05 06:10:00
20260905100050741,6,BIG,2026-09-05 06:10:29
20260905100050742,8,BIG,2026-09-05 06:10:58
20260905100050743,3,SMALL,2026-09-05 06:11:31
20260905100050744,7,BIG,2026-09-05 06:12:01
20260905100050745,8,BIG,2026-09-05 06:12:29
20260905100050746,5,BIG,2026-09-05 06:12:59
20260905100050747,4,SMALL,2026-09-05 06:13:27
20260905100050748,4,SMALL,2026-09-05 06:14:01
20260905100050749,5,BIG,2026-09-05 06:14:30
20260905100050750,5,BIG,2026-09-05 06:14:59
20260905100050751,7,BIG,2026-09-05 06:15:28
20260905100050752,8,BIG,2026-09-05 06:15:57
20260905100050753,6,BIG,2026-09-05 06:16:31
20260905100050754,1,SMALL,2026-09-05 06:17:00
20260905100050755,3,SMALL,2026-09-05 06:17:29
20260905100050756,5,BIG,2026-09-05 06:17:59
20260905100050757,5,BIG,2026-09-05 06:18:28
20260905100050758,9,BIG,2026-09-05 06:18:57
20260905100050759,1,SMALL,2026-09-05 06:19:31
20260905100050760,8,BIG,2026-09-05 06:20:00
20260905100050761,2,SMALL,2026-09-05 06:20:29
20260905100050762,9,BIG,2026-09-05 06:20:58
20260905100050763,5,BIG,2026-09-05 06:21:31
20260905100050764,6,BIG,2026-09-05 06:22:01
20260905100050765,2,SMALL,2026-09-05 06:22:30
20260905100050766,8,BIG,2026-09-05 06:22:59
20260905100050767,6,BIG,2026-09-05 06:23:28
20260905100050768,3,SMALL,2026-09-05 06:24:02
20260905100050769,6,BIG,2026-09-05 06:24:31
20260905100050770,0,SMALL,2026-09-05 06:25:00
20260905100050771,4,SMALL,2026-09-05 06:25:29
20260905100050772,6,BIG,2026-09-05 06:25:57
20260905100050773,8,BIG,2026-09-05 06:26:31
20260905100050774,8,BIG,2026-09-05 06:27:00
20260905100050775,7,BIG,2026-09-05 06:27:29
20260905100050776,8,BIG,2026-09-05 06:27:58
20260905100050777,9,BIG,2026-09-05 06:28:27
20260905100050778,5,BIG,2026-09-05 06:29:01
20260905100050779,4,SMALL,2026-09-05 06:29:30
20260905100050780,5,BIG,2026-09-05 06:29:59
20260905100050781,1,SMALL,2026-09-05 06:30:28
20260905100050782,6,BIG,2026-09-05 06:31:02
20260905100050783,5,BIG,2026-09-05 06:31:30
20260905100050784,1,SMALL,2026-09-05 06:31:59
20260905100050785,1,SMALL,2026-09-05 06:32:28
20260905100050786,5,BIG,2026-09-05 06:32:57
20260905100050787,3,SMALL,2026-09-05 06:33:31
20260905100050788,8,BIG,2026-09-05 06:34:00
20260905100050789,3,SMALL,2026-09-05 06:34:29
20260905100050790,5,BIG,2026-09-05 06:35:01
20260905100050791,0,SMALL,2026-09-05 06:35:30
20260905100050792,0,SMALL,2026-09-05 06:35:59
20260905100050793,7,BIG,2026-09-05 06:36:27
20260905100050794,3,SMALL,2026-09-05 06:37:01
20260905100050795,5,BIG,2026-09-05 06:37:29
20260905100050796,4,SMALL,2026-09-05 06:37:58
20260905100050797,4,SMALL,2026-09-05 06:38:31
20260905100050798,9,BIG,2026-09-05 06:39:00
20260905100050799,4,SMALL,2026-09-05 06:39:28
20260905100050800,7,BIG,2026-09-05 06:39:57
20260905100050801,0,SMALL,2026-09-05 06:40:31
20260905100050802,4,SMALL,2026-09-05 06:41:00
20260905100050803,9,BIG,2026-09-05 06:41:29
20260905100050804,3,SMALL,2026-09-05 06:41:58
20260905100050805,1,SMALL,2026-09-05 06:42:31
20260905100050806,6,BIG,2026-09-05 06:43:00
20260905100050807,1,SMALL,2026-09-05 06:43:28
20260905100050808,9,BIG,2026-09-05 06:43:57
20260905100050809,6,BIG,2026-09-05 06:44:31
20260905100050810,2,SMALL,2026-09-05 06:44:59
20260905100050811,2,SMALL,2026-09-05 06:45:28
20260905100050812,9,BIG,2026-09-05 06:46:02
20260905100050813,0,SMALL,2026-09-05 06:46:30
20260905100050814,5,BIG,2026-09-05 06:46:59
20260905100050815,6,BIG,2026-09-05 06:47:28
20260905100050816,9,BIG,2026-09-05 06:48:01
20260905100050817,5,BIG,2026-09-05 06:48:30
20260905100050818,8,BIG,2026-09-05 06:48:59
20260905100050819,2,SMALL,2026-09-05 06:49:28
20260905100050820,7,BIG,2026-09-05 06:49:57
20260905100050821,4,SMALL,2026-09-05 06:50:31
20260905100050822,1,SMALL,2026-09-05 06:51:00
20260905100050823,8,BIG,2026-09-05 06:51:29
20260905100050824,0,SMALL,2026-09-05 06:51:58
20260905100050825,5,BIG,2026-09-05 06:52:31
20260905100050826,4,SMALL,2026-09-05 06:53:00
20260905100050827,7,BIG,2026-09-05 06:53:28
20260905100050828,0,SMALL,2026-09-05 06:53:57
20260905100050829,4,SMALL,2026-09-05 06:54:31
20260905100050830,0,SMALL,2026-09-05 06:55:00
20260905100050831,6,BIG,2026-09-05 06:55:33
20260905100050832,8,BIG,2026-09-05 06:56:01
20260905100050833,4,SMALL,2026-09-05 06:56:30
20260905100050834,7,BIG,2026-09-05 06:56:59
20260905100050835,6,BIG,2026-09-05 06:57:28
20260905100050836,9,BIG,2026-09-05 06:57:57
20260905100050837,2,SMALL,2026-09-05 06:58:31
20260905100050838,9,BIG,2026-09-05 06:58:59
20260905100050839,5,BIG,2026-09-05 06:59:28
20260905100050840,4,SMALL,2026-09-05 06:59:57
20260905100050841,4,SMALL,2026-09-05 07:00:31
20260905100050842,6,BIG,2026-09-05 07:00:59
20260905100050843,0,SMALL,2026-09-05 07:01:27
20260905100050844,4,SMALL,2026-09-05 07:02:01
20260905100050845,6,BIG,2026-09-05 07:02:30
20260905100050846,4,SMALL,2026-09-05 07:02:59
20260905100050847,7,BIG,2026-09-05 07:03:28
20260905100050848,4,SMALL,2026-09-05 07:04:01
20260905100050849,3,SMALL,2026-09-05 07:04:30
20260905100050850,0,SMALL,2026-09-05 07:04:59
20260905100050851,9,BIG,2026-09-05 07:05:28
20260905100050852,2,SMALL,2026-09-05 07:06:01
20260905100050853,0,SMALL,2026-09-05 07:06:30
20260905100050854,6,BIG,2026-09-05 07:06:59
20260905100050855,0,SMALL,2026-09-05 07:07:28
20260905100050856,0,SMALL,2026-09-05 07:08:01
20260905100050857,1,SMALL,2026-09-05 07:08:30
20260905100050858,6,BIG,2026-09-05 07:08:59
20260905100050859,2,SMALL,2026-09-05 07:09:28
20260905100050860,5,BIG,2026-09-05 07:10:01
20260905100050861,1,SMALL,2026-09-05 07:10:30
20260905100050862,2,SMALL,2026-09-05 07:10:58
20260905100050863,1,SMALL,2026-09-05 07:11:27
20260905100050864,3,SMALL,2026-09-05 07:12:02
20260905100050865,8,BIG,2026-09-05 07:12:31
20260905100050866,7,BIG,2026-09-05 07:13:04
20260905100050867,9,BIG,2026-09-05 07:13:27
20260905100050868,9,BIG,2026-09-05 07:14:01
20260905100050869,2,SMALL,2026-09-05 07:14:30
20260905100050870,3,SMALL,2026-09-05 07:14:59
20260905100050871,1,SMALL,2026-09-05 07:15:28
20260905100050872,5,BIG,2026-09-05 07:16:01
20260905100050873,5,BIG,2026-09-05 07:16:30
20260905100050874,2,SMALL,2026-09-05 07:16:59
20260905100050875,4,SMALL,2026-09-05 07:17:28
20260905100050876,3,SMALL,2026-09-05 07:17:57
20260905100050877,9,BIG,2026-09-05 07:18:32
20260905100050878,1,SMALL,2026-09-05 07:19:00
20260905100050879,3,SMALL,2026-09-05 07:19:29
20260905100050880,0,SMALL,2026-09-05 07:19:58
20260905100050881,2,SMALL,2026-09-05 07:20:31
20260905100050882,4,SMALL,2026-09-05 07:21:00
20260905100050883,3,SMALL,2026-09-05 07:21:29
20260905100050884,1,SMALL,2026-09-05 07:21:58
20260905100050885,5,BIG,2026-09-05 07:22:31
20260905100050886,9,BIG,2026-09-05 07:23:01
20260905100050887,4,SMALL,2026-09-05 07:23:30
20260905100050888,8,BIG,2026-09-05 07:23:59
20260905100050889,4,SMALL,2026-09-05 07:24:28
20260905100050890,5,BIG,2026-09-05 07:24:57
20260905100050891,8,BIG,2026-09-05 07:25:31
20260905100050892,3,SMALL,2026-09-05 07:26:00
20260905100050893,2,SMALL,2026-09-05 07:26:29
20260905100050894,6,BIG,2026-09-05 07:27:02
20260905100050895,2,SMALL,2026-09-05 07:27:30
20260905100050896,4,SMALL,2026-09-05 07:27:59
20260905100050897,9,BIG,2026-09-05 07:28:27
20260905100050898,1,SMALL,2026-09-05 07:29:05
20260905100050899,4,SMALL,2026-09-05 07:29:28
20260905100050900,8,BIG,2026-09-05 07:29:57
20260905100050901,7,BIG,2026-09-05 07:30:29
20260905100050902,0,SMALL,2026-09-05 07:30:58
20260905100050903,4,SMALL,2026-09-05 07:31:27
20260905100050904,8,BIG,2026-09-05 07:32:01
20260905100050905,9,BIG,2026-09-05 07:32:30
20260905100050906,9,BIG,2026-09-05 07:32:59
20260905100050907,2,SMALL,2026-09-05 07:33:28
20260905100050908,4,SMALL,2026-09-05 07:34:01
20260905100050909,8,BIG,2026-09-05 07:34:30
20260905100050910,0,SMALL,2026-09-05 07:34:59
20260905100050911,1,SMALL,2026-09-05 07:35:28
20260905100050912,7,BIG,2026-09-05 07:36:01
20260905100050913,7,BIG,2026-09-05 07:36:30
20260905100050914,5,BIG,2026-09-05 07:36:59
20260905100050915,0,SMALL,2026-09-05 07:37:28
20260905100050916,8,BIG,2026-09-05 07:37:57
20260905100050917,1,SMALL,2026-09-05 07:38:31
20260905100050918,5,BIG,2026-09-05 07:39:00
20260905100050919,6,BIG,2026-09-05 07:39:30
20260905100050920,2,SMALL,2026-09-05 07:39:58
20260905100050921,6,BIG,2026-09-05 07:40:31
20260905100050922,6,BIG,2026-09-05 07:41:00
20260905100050923,5,BIG,2026-09-05 07:41:29
20260905100050924,4,SMALL,2026-09-05 07:41:57
20260905100050925,9,BIG,2026-09-05 07:42:28
20260905100050926,1,SMALL,2026-09-05 07:42:59
20260905100050927,1,SMALL,2026-09-05 07:43:28
20260905100050928,4,SMALL,2026-09-05 07:43:57
20260905100050929,2,SMALL,2026-09-05 07:44:30
20260905100050930,2,SMALL,2026-09-05 07:44:59
20260905100050931,4,SMALL,2026-09-05 07:45:28
20260905100050932,5,BIG,2026-09-05 07:45:57
20260905100050933,4,SMALL,2026-09-05 07:46:30
20260905100050934,4,SMALL,2026-09-05 07:46:59
20260905100050935,3,SMALL,2026-09-05 07:47:28
20260905100050936,9,BIG,2026-09-05 07:48:01
20260905100050937,3,SMALL,2026-09-05 07:48:30
20260905100050938,4,SMALL,2026-09-05 07:48:59
20260905100050939,5,BIG,2026-09-05 07:49:28
20260905100050940,0,SMALL,2026-09-05 07:50:01
20260905100050941,2,SMALL,2026-09-05 07:50:30
20260905100050942,8,BIG,2026-09-05 07:50:59
20260905100050943,3,SMALL,2026-09-05 07:51:28
20260905100050944,7,BIG,2026-09-05 07:52:01
20260905100050945,8,BIG,2026-09-05 07:52:30
20260905100050946,9,BIG,2026-09-05 07:52:59
20260905100050947,9,BIG,2026-09-05 07:53:28
20260905100050948,3,SMALL,2026-09-05 07:53:57
20260905100050949,1,SMALL,2026-09-05 07:54:30
20260905100050950,2,SMALL,2026-09-05 07:54:59
20260905100050951,0,SMALL,2026-09-05 07:55:28
20260905100050952,1,SMALL,2026-09-05 07:55:57
20260905100050953,3,SMALL,2026-09-05 07:56:31
20260905100050954,3,SMALL,2026-09-05 07:57:00
20260905100050955,1,SMALL,2026-09-05 07:57:28
20260905100050956,2,SMALL,2026-09-05 07:58:01
20260905100050957,5,BIG,2026-09-05 07:58:30
20260905100050958,5,BIG,2026-09-05 07:58:59
20260905100050959,5,BIG,2026-09-05 07:59:32
20260905100050960,8,BIG,2026-09-05 08:00:00
20260905100050961,2,SMALL,2026-09-05 08:00:29
20260905100050962,8,BIG,2026-09-05 08:00:59
20260905100050963,4,SMALL,2026-09-05 08:01:28
20260905100050964,5,BIG,2026-09-05 08:02:01
20260905100050965,1,SMALL,2026-09-05 08:02:30
20260905100050966,4,SMALL,2026-09-05 08:02:59
20260905100050967,3,SMALL,2026-09-05 08:03:28
20260905100050968,9,BIG,2026-09-05 08:04:01
20260905100050969,5,BIG,2026-09-05 08:04:30
20260905100050970,0,SMALL,2026-09-05 08:04:59
20260905100050971,7,BIG,2026-09-05 08:05:28
20260905100050972,7,BIG,2026-09-05 08:05:57
20260905100050973,8,BIG,2026-09-05 08:06:31
20260905100050974,1,SMALL,2026-09-05 08:07:00
20260905100050975,8,BIG,2026-09-05 08:07:29
20260905100050976,5,BIG,2026-09-05 08:07:58
20260905100050977,6,BIG,2026-09-05 08:08:31
20260905100050978,5,BIG,2026-09-05 08:09:00
20260905100050979,9,BIG,2026-09-05 08:09:29
20260905100050980,3,SMALL,2026-09-05 08:09:58
20260905100050981,3,SMALL,2026-09-05 08:10:27
20260905100050982,3,SMALL,2026-09-05 08:11:01
20260905100050983,4,SMALL,2026-09-05 08:11:30
20260905100050984,3,SMALL,2026-09-05 08:11:59
20260905100050985,2,SMALL,2026-09-05 08:12:28
20260905100050986,7,BIG,2026-09-05 08:13:02
20260905100050987,8,BIG,2026-09-05 08:13:31
20260905100050988,9,BIG,2026-09-05 08:13:59
20260905100050989,2,SMALL,2026-09-05 08:14:29
20260905100050990,4,SMALL,2026-09-05 08:14:58
20260905100050991,2,SMALL,2026-09-05 08:15:27
20260905100050992,6,BIG,2026-09-05 08:16:00
20260905100050993,8,BIG,2026-09-05 08:16:29
20260905100050994,9,BIG,2026-09-05 08:16:58
20260905100050995,7,BIG,2026-09-05 08:17:27
20260905100050996,2,SMALL,2026-09-05 08:18:01
20260905100050997,9,BIG,2026-09-05 08:18:29
20260905100050998,2,SMALL,2026-09-05 08:18:58
20260905100050999,5,BIG,2026-09-05 08:19:31
20260905100051000,2,SMALL,2026-09-05 08:20:00
20260905100051001,6,BIG,2026-09-05 08:20:31
20260905100051002,5,BIG,2026-09-05 08:21:00
20260905100051003,1,SMALL,2026-09-05 08:21:29
20260905100051004,9,BIG,2026-09-05 08:21:58
20260905100051005,6,BIG,2026-09-05 08:22:32
20260905100051006,3,SMALL,2026-09-05 08:23:01
20260905100051007,3,SMALL,2026-09-05 08:23:30
20260905100051008,0,SMALL,2026-09-05 08:23:58
20260905100051009,5,BIG,2026-09-05 08:24:28
20260905100051010,1,SMALL,2026-09-05 08:25:01
20260905100051011,7,BIG,2026-09-05 08:25:31
20260905100051012,1,SMALL,2026-09-05 08:26:00
20260905100051013,0,SMALL,2026-09-05 08:26:29
20260905100051014,6,BIG,2026-09-05 08:26:58
20260905100051015,5,BIG,2026-09-05 08:27:27
20260905100051016,0,SMALL,2026-09-05 08:28:01
20260905100051017,7,BIG,2026-09-05 08:28:30
20260905100051018,1,SMALL,2026-09-05 08:28:59
20260905100051019,0,SMALL,2026-09-05 08:29:28
20260905100051020,7,BIG,2026-09-05 08:30:01
20260905100051021,4,SMALL,2026-09-05 08:30:30
20260905100051022,0,SMALL,2026-09-05 08:30:59
20260905100051023,8,BIG,2026-09-05 08:31:28
20260905100051024,2,SMALL,2026-09-05 08:31:57
20260905100051025,0,SMALL,2026-09-05 08:32:31
20260905100051026,7,BIG,2026-09-05 08:33:04
20260905100051027,7,BIG,2026-09-05 08:33:28
20260905100051028,4,SMALL,2026-09-05 08:34:01
20260905100051029,7,BIG,2026-09-05 08:34:30
20260905100051030,0,SMALL,2026-09-05 08:34:59
20260905100051031,7,BIG,2026-09-05 08:35:28
20260905100051032,7,BIG,2026-09-05 08:35:57
20260905100051033,3,SMALL,2026-09-05 08:36:31
20260905100051034,8,BIG,2026-09-05 08:37:00
20260905100051035,3,SMALL,2026-09-05 08:37:28
20260905100051036,4,SMALL,2026-09-05 08:38:01
20260905100051037,6,BIG,2026-09-05 08:38:29
20260905100051038,2,SMALL,2026-09-05 08:38:58
20260905100051039,6,BIG,2026-09-05 08:39:31
20260905100051040,2,SMALL,2026-09-05 08:40:00
20260905100051041,6,BIG,2026-09-05 08:40:29
20260905100051042,5,BIG,2026-09-05 08:40:58
20260905100051043,9,BIG,2026-09-05 08:41:27
20260905100051044,6,BIG,2026-09-05 08:42:01
20260905100051045,6,BIG,2026-09-05 08:42:30
20260905100051046,7,BIG,2026-09-05 08:42:58
20260905100051047,6,BIG,2026-09-05 08:43:27
20260905100051048,3,SMALL,2026-09-05 08:44:01
20260905100051049,9,BIG,2026-09-05 08:44:30
20260905100051050,7,BIG,2026-09-05 08:44:58
20260905100051051,8,BIG,2026-09-05 08:45:27
20260905100051052,3,SMALL,2026-09-05 08:46:01
20260905100051053,1,SMALL,2026-09-05 08:46:30
20260905100051054,5,BIG,2026-09-05 08:46:59
20260905100051055,8,BIG,2026-09-05 08:47:28
20260905100051056,4,SMALL,2026-09-05 08:48:01
20260905100051057,5,BIG,2026-09-05 08:48:30
20260905100051058,7,BIG,2026-09-05 08:48:59
20260905100051059,5,BIG,2026-09-05 08:49:28
20260905100051060,5,BIG,2026-09-05 08:50:01
20260905100051061,1,SMALL,2026-09-05 08:50:30
20260905100051062,6,BIG,2026-09-05 08:50:59
20260905100051063,7,BIG,2026-09-05 08:51:28
20260905100051064,0,SMALL,2026-09-05 08:52:01
20260905100051065,3,SMALL,2026-09-05 08:52:30
20260905100051066,4,SMALL,2026-09-05 08:52:59
20260905100051067,0,SMALL,2026-09-05 08:53:27
20260905100051068,2,SMALL,2026-09-05 08:54:01
20260905100051069,8,BIG,2026-09-05 08:54:31
20260905100051070,7,BIG,2026-09-05 08:55:00
20260905100051071,1,SMALL,2026-09-05 08:55:29
20260905100051072,8,BIG,2026-09-05 08:55:58
20260905100051073,3,SMALL,2026-09-05 08:56:31
20260905100051074,9,BIG,2026-09-05 08:57:00
20260905100051075,9,BIG,2026-09-05 08:57:29
20260905100051076,5,BIG,2026-09-05 08:57:58
20260905100051077,1,SMALL,2026-09-05 08:58:27
20260905100051078,9,BIG,2026-09-05 08:59:01
20260905100051079,0,SMALL,2026-09-05 08:59:30
20260905100051080,1,SMALL,2026-09-05 08:59:59
20260905100051081,1,SMALL,2026-09-05 09:00:28
20260905100051082,1,SMALL,2026-09-05 09:01:01
20260905100051083,5,BIG,2026-09-05 09:01:27
20260905100051084,7,BIG,2026-09-05 09:02:01
20260905100051085,9,BIG,2026-09-05 09:02:30
20260905100051086,1,SMALL,2026-09-05 09:02:59
20260905100051087,0,SMALL,2026-09-05 09:03:27
20260905100051088,7,BIG,2026-09-05 09:04:00
20260905100051089,2,SMALL,2026-09-05 09:04:29
20260905100051090,2,SMALL,2026-09-05 09:04:58
20260905100051091,3,SMALL,2026-09-05 09:05:27
20260905100051092,1,SMALL,2026-09-05 09:06:01
20260905100051093,2,SMALL,2026-09-05 09:06:30
20260905100051094,8,BIG,2026-09-05 09:06:59
20260905100051095,1,SMALL,2026-09-05 09:07:28
20260905100051096,9,BIG,2026-09-05 09:08:01
20260905100051097,4,SMALL,2026-09-05 09:08:30
20260905100051098,9,BIG,2026-09-05 09:08:59
20260905100051099,6,BIG,2026-09-05 09:09:28
20260905100051100,8,BIG,2026-09-05 09:10:02
20260905100051101,3,SMALL,2026-09-05 09:10:31
20260905100051102,2,SMALL,2026-09-05 09:11:00
20260905100051103,9,BIG,2026-09-05 09:11:27
20260905100051104,9,BIG,2026-09-05 09:12:00
20260905100051105,0,SMALL,2026-09-05 09:12:29
20260905100051106,2,SMALL,2026-09-05 09:12:58
20260905100051107,0,SMALL,2026-09-05 09:13:31
20260905100051108,0,SMALL,2026-09-05 09:14:00
20260905100051109,8,BIG,2026-09-05 09:14:29
20260905100051110,6,BIG,2026-09-05 09:14:58
20260905100051111,7,BIG,2026-09-05 09:15:31
20260905100051112,1,SMALL,2026-09-05 09:16:00
20260905100051113,1,SMALL,2026-09-05 09:16:29
20260905100051114,2,SMALL,2026-09-05 09:16:57
20260905100051115,8,BIG,2026-09-05 09:17:35
20260905100051116,9,BIG,2026-09-05 09:17:59
20260905100051117,9,BIG,2026-09-05 09:18:28
20260905100051118,5,BIG,2026-09-05 09:19:01
20260905100051119,4,SMALL,2026-09-05 09:19:30
20260905100051120,1,SMALL,2026-09-05 09:19:59
20260905100051121,1,SMALL,2026-09-05 09:20:28
20260905100051122,1,SMALL,2026-09-05 09:20:57
20260905100051123,2,SMALL,2026-09-05 09:21:31
20260905100051124,1,SMALL,2026-09-05 09:22:00
20260905100051125,3,SMALL,2026-09-05 09:22:29
20260905100051126,7,BIG,2026-09-05 09:22:58
20260905100051127,6,BIG,2026-09-05 09:23:32
20260905100051128,2,SMALL,2026-09-05 09:24:00
20260905100051129,9,BIG,2026-09-05 09:24:29
20260905100051130,0,SMALL,2026-09-05 09:24:58
20260905100051131,7,BIG,2026-09-05 09:25:27
20260905100051132,2,SMALL,2026-09-05 09:26:01
20260905100051133,9,BIG,2026-09-05 09:26:30
20260905100051134,6,BIG,2026-09-05 09:26:59
20260905100051135,8,BIG,2026-09-05 09:27:27
20260905100051136,0,SMALL,2026-09-05 09:28:01
20260905100051137,9,BIG,2026-09-05 09:28:30
20260905100051138,4,SMALL,2026-09-05 09:28:59
20260905100051139,1,SMALL,2026-09-05 09:29:28
20260905100051140,8,BIG,2026-09-05 09:29:57
20260905100051141,2,SMALL,2026-09-05 09:30:31
20260905100051142,6,BIG,2026-09-05 09:31:00
20260905100051143,9,BIG,2026-09-05 09:31:34
20260905100051144,0,SMALL,2026-09-05 09:31:58
20260905100051145,0,SMALL,2026-09-05 09:32:32
20260905100051146,3,SMALL,2026-09-05 09:33:01
20260905100051147,0,SMALL,2026-09-05 09:33:30
20260905100051148,1,SMALL,2026-09-05 09:33:59
20260905100051149,5,BIG,2026-09-05 09:34:28
20260905100051150,5,BIG,2026-09-05 09:35:01
20260905100051151,8,BIG,2026-09-05 09:35:30
20260905100051152,7,BIG,2026-09-05 09:35:59
20260905100051153,6,BIG,2026-09-05 09:36:28
20260905100051154,5,BIG,2026-09-05 09:37:01
20260905100051155,2,SMALL,2026-09-05 09:37:30
20260905100051156,0,SMALL,2026-09-05 09:37:59
20260905100051157,5,BIG,2026-09-05 09:38:28
20260905100051158,7,BIG,2026-09-05 09:39:01
20260905100051159,1,SMALL,2026-09-05 09:39:30
20260905100051160,8,BIG,2026-09-05 09:39:59
20260905100051161,9,BIG,2026-09-05 09:40:28
20260905100051162,6,BIG,2026-09-05 09:41:01
20260905100051163,1,SMALL,2026-09-05 09:41:30
20260905100051164,0,SMALL,2026-09-05 09:41:59
20260905100051165,3,SMALL,2026-09-05 09:42:29
20260905100051166,1,SMALL,2026-09-05 09:42:58
20260905100051167,7,BIG,2026-09-05 09:43:31
20260905100051168,0,SMALL,2026-09-05 09:44:00
20260905100051169,6,BIG,2026-09-05 09:44:29
20260905100051170,5,BIG,2026-09-05 09:44:58
20260905100051171,9,BIG,2026-09-05 09:45:27
20260905100051172,8,BIG,2026-09-05 09:46:01
20260905100051173,4,SMALL,2026-09-05 09:46:30
20260905100051174,9,BIG,2026-09-05 09:46:59
20260905100051175,8,BIG,2026-09-05 09:47:28
20260905100051176,2,SMALL,2026-09-05 09:48:02
20260905100051177,1,SMALL,2026-09-05 09:48:31
20260905100051178,9,BIG,2026-09-05 09:49:00
20260905100051179,7,BIG,2026-09-05 09:49:29
20260905100051180,6,BIG,2026-09-05 09:49:58
20260905100051181,8,BIG,2026-09-05 09:50:31
20260905100051182,9,BIG,2026-09-05 09:51:00
20260905100051183,4,SMALL,2026-09-05 09:51:29
20260905100051184,1,SMALL,2026-09-05 09:51:58
20260905100051185,4,SMALL,2026-09-05 09:52:31
20260905100051186,6,BIG,2026-09-05 09:53:00
20260905100051187,0,SMALL,2026-09-05 09:53:29
20260905100051188,4,SMALL,2026-09-05 09:53:59
20260905100051189,4,SMALL,2026-09-05 09:54:28
20260905100051190,2,SMALL,2026-09-05 09:55:01
20260905100051191,4,SMALL,2026-09-05 09:55:31
20260905100051192,2,SMALL,2026-09-05 09:56:00
20260905100051193,8,BIG,2026-09-05 09:56:29
20260905100051194,6,BIG,2026-09-05 09:56:58
20260905100051195,1,SMALL,2026-09-05 09:57:31
20260905100051196,5,BIG,2026-09-05 09:58:01
20260905100051197,2,SMALL,2026-09-05 09:58:30
20260905100051198,3,SMALL,2026-09-05 09:58:59
20260905100051199,8,BIG,2026-09-05 09:59:28
20260905100051200,8,BIG,2026-09-05 10:00:05
20260905100051201,6,BIG,2026-09-05 10:00:30
20260905100051202,3,SMALL,2026-09-05 10:00:59
20260905100051203,8,BIG,2026-09-05 10:01:28
20260905100051204,0,SMALL,2026-09-05 10:02:01
20260905100051205,2,SMALL,2026-09-05 10:02:30
20260905100051206,6,BIG,2026-09-05 10:03:03
20260905100051207,5,BIG,2026-09-05 10:03:27
20260905100051208,0,SMALL,2026-09-05 10:04:01
20260905100051209,5,BIG,2026-09-05 10:04:32
20260905100051210,5,BIG,2026-09-05 10:05:01
20260905100051211,6,BIG,2026-09-05 10:05:30
20260905100051212,8,BIG,2026-09-05 10:05:59
20260905100051213,3,SMALL,2026-09-05 10:06:27
20260905100051214,2,SMALL,2026-09-05 10:07:01
20260905100051215,7,BIG,2026-09-05 10:07:30
20260905100051216,7,BIG,2026-09-05 10:07:59
20260905100051217,4,SMALL,2026-09-05 10:08:28
20260905100051218,5,BIG,2026-09-05 10:08:57
20260905100051219,8,BIG,2026-09-05 10:09:31
20260905100051220,5,BIG,2026-09-05 10:10:00
20260905100051221,3,SMALL,2026-09-05 10:10:29
20260905100051222,5,BIG,2026-09-05 10:10:58
20260905100051223,8,BIG,2026-09-05 10:11:28
20260905100051224,1,SMALL,2026-09-05 10:12:01
20260905100051225,9,BIG,2026-09-05 10:12:31
20260905100051226,5,BIG,2026-09-05 10:13:00
20260905100051227,5,BIG,2026-09-05 10:13:33
20260905100051228,1,SMALL,2026-09-05 10:14:01
20260905100051229,5,BIG,2026-09-05 10:14:29
20260905100051230,4,SMALL,2026-09-05 10:14:58
20260905100051231,9,BIG,2026-09-05 10:15:27
20260905100051232,7,BIG,2026-09-05 10:16:01
20260905100051233,6,BIG,2026-09-05 10:16:30
20260905100051234,9,BIG,2026-09-05 10:16:59
20260905100051235,1,SMALL,2026-09-05 10:17:29
20260905100051236,8,BIG,2026-09-05 10:17:58
20260905100051237,4,SMALL,2026-09-05 10:18:27
20260905100051238,8,BIG,2026-09-05 10:19:01
20260905100051239,5,BIG,2026-09-05 10:19:30
20260905100051240,9,BIG,2026-09-05 10:19:59
20260905100051241,6,BIG,2026-09-05 10:20:28
20260905100051242,0,SMALL,2026-09-05 10:21:01
20260905100051243,0,SMALL,2026-09-05 10:21:29
20260905100051244,7,BIG,2026-09-05 10:21:57
20260905100051245,7,BIG,2026-09-05 10:22:31
20260905100051246,7,BIG,2026-09-05 10:23:00
20260905100051247,2,SMALL,2026-09-05 10:23:29
20260905100051248,5,BIG,2026-09-05 10:23:58
20260905100051249,4,SMALL,2026-09-05 10:24:27
20260905100051250,3,SMALL,2026-09-05 10:25:00
20260905100051251,6,BIG,2026-09-05 10:25:29
20260905100051252,5,BIG,2026-09-05 10:25:58
20260905100051253,3,SMALL,2026-09-05 10:26:31
20260905100051254,2,SMALL,2026-09-05 10:27:00
20260905100051255,8,BIG,2026-09-05 10:27:29
20260905100051256,9,BIG,2026-09-05 10:27:58
20260905100051257,3,SMALL,2026-09-05 10:28:27
20260905100051258,6,BIG,2026-09-05 10:29:01
20260905100051259,2,SMALL,2026-09-05 10:29:30
20260905100051260,4,SMALL,2026-09-05 10:29:59
20260905100051261,0,SMALL,2026-09-05 10:30:28
20260905100051262,6,BIG,2026-09-05 10:30:57
20260905100051263,9,BIG,2026-09-05 10:31:31
20260905100051264,5,BIG,2026-09-05 10:32:00
20260905100051265,8,BIG,2026-09-05 10:32:29
20260905100051266,2,SMALL,2026-09-05 10:32:58
20260905100051267,6,BIG,2026-09-05 10:33:27
20260905100051268,2,SMALL,2026-09-05 10:34:01
20260905100051269,7,BIG,2026-09-05 10:34:30
20260905100051270,0,SMALL,2026-09-05 10:34:59
20260905100051271,6,BIG,2026-09-05 10:35:28
20260905100051272,0,SMALL,2026-09-05 10:35:57
20260905100051273,0,SMALL,2026-09-05 10:36:31
20260905100051274,3,SMALL,2026-09-05 10:36:59
20260905100051275,9,BIG,2026-09-05 10:37:28
20260905100051276,4,SMALL,2026-09-05 10:37:57
20260905100051277,3,SMALL,2026-09-05 10:38:31
20260905100051278,3,SMALL,2026-09-05 10:39:00
20260905100051279,4,SMALL,2026-09-05 10:39:28
20260905100051280,3,SMALL,2026-09-05 10:39:57
20260905100051281,4,SMALL,2026-09-05 10:40:31
20260905100051282,3,SMALL,2026-09-05 10:41:00
20260905100051283,0,SMALL,2026-09-05 10:41:29
20260905100051284,9,BIG,2026-09-05 10:41:58
20260905100051285,9,BIG,2026-09-05 10:42:27
20260905100051286,3,SMALL,2026-09-05 10:43:01
20260905100051287,1,SMALL,2026-09-05 10:43:30
20260905100051288,2,SMALL,2026-09-05 10:43:59
20260905100051289,7,BIG,2026-09-05 10:44:28
20260905100051290,2,SMALL,2026-09-05 10:45:01
20260905100051291,9,BIG,2026-09-05 10:45:30
20260905100051292,1,SMALL,2026-09-05 10:45:59
20260905100051293,0,SMALL,2026-09-05 10:46:28
20260905100051294,9,BIG,2026-09-05 10:46:57
20260905100051295,9,BIG,2026-09-05 10:47:31
20260905100051296,9,BIG,2026-09-05 10:47:59
20260905100051297,7,BIG,2026-09-05 10:48:28
20260905100051298,3,SMALL,2026-09-05 10:48:57
20260905100051299,9,BIG,2026-09-05 10:49:31
20260905100051300,2,SMALL,2026-09-05 10:50:00
20260905100051301,6,BIG,2026-09-05 10:50:29
20260905100051302,0,SMALL,2026-09-05 10:50:58
20260905100051303,6,BIG,2026-09-05 10:51:27
20260905100051304,7,BIG,2026-09-05 10:52:01
20260905100051305,4,SMALL,2026-09-05 10:52:30
20260905100051306,4,SMALL,2026-09-05 10:52:59
20260905100051307,1,SMALL,2026-09-05 10:53:28
20260905100051308,7,BIG,2026-09-05 10:53:57
20260905100051309,0,SMALL,2026-09-05 10:54:30
20260905100051310,0,SMALL,2026-09-05 10:54:59
20260905100051311,5,BIG,2026-09-05 10:55:28
20260905100051312,4,SMALL,2026-09-05 10:55:57
20260905100051313,4,SMALL,2026-09-05 10:56:31
20260905100051314,2,SMALL,2026-09-05 10:57:00
20260905100051315,5,BIG,2026-09-05 10:57:29
20260905100051316,3,SMALL,2026-09-05 10:57:58
20260905100051317,4,SMALL,2026-09-05 10:58:32
20260905100051318,7,BIG,2026-09-05 10:59:01
20260905100051319,3,SMALL,2026-09-05 10:59:30
20260905100051320,5,BIG,2026-09-05 10:59:59
20260905100051321,2,SMALL,2026-09-05 11:00:27
20260905100051322,2,SMALL,2026-09-05 11:01:01
20260905100051323,5,BIG,2026-09-05 11:01:30
20260905100051324,1,SMALL,2026-09-05 11:01:59
20260905100051325,1,SMALL,2026-09-05 11:02:28
20260905100051326,8,BIG,2026-09-05 11:02:57
20260905100051327,0,SMALL,2026-09-05 11:03:31
20260905100051328,2,SMALL,2026-09-05 11:04:01
20260905100051329,3,SMALL,2026-09-05 11:04:31
20260905100051330,7,BIG,2026-09-05 11:05:01
20260905100051331,3,SMALL,2026-09-05 11:05:30
20260905100051332,1,SMALL,2026-09-05 11:05:59
20260905100051333,7,BIG,2026-09-05 11:06:28
20260905100051334,8,BIG,2026-09-05 11:06:57
20260905100051335,7,BIG,2026-09-05 11:07:31
20260905100051336,2,SMALL,2026-09-05 11:08:00
20260905100051337,8,BIG,2026-09-05 11:08:29
20260905100051338,4,SMALL,2026-09-05 11:08:58
20260905100051339,8,BIG,2026-09-05 11:09:31
20260905100051340,3,SMALL,2026-09-05 11:10:01
20260905100051341,4,SMALL,2026-09-05 11:10:31
20260905100051342,4,SMALL,2026-09-05 11:10:59
20260905100051343,3,SMALL,2026-09-05 11:11:28
20260905100051344,5,BIG,2026-09-05 11:11:57
20260905100051345,1,SMALL,2026-09-05 11:12:31
20260905100051346,9,BIG,2026-09-05 11:13:00
20260905100051347,2,SMALL,2026-09-05 11:13:29
20260905100051348,5,BIG,2026-09-05 11:13:58
20260905100051349,6,BIG,2026-09-05 11:14:31
20260905100051350,7,BIG,2026-09-05 11:15:01
20260905100051351,8,BIG,2026-09-05 11:15:29
20260905100051352,1,SMALL,2026-09-05 11:15:58
20260905100051353,2,SMALL,2026-09-05 11:16:27
20260905100051354,9,BIG,2026-09-05 11:17:01
20260905100051355,3,SMALL,2026-09-05 11:17:30
20260905100051356,5,BIG,2026-09-05 11:17:59
20260905100051357,7,BIG,2026-09-05 11:18:28
20260905100051358,4,SMALL,2026-09-05 11:18:57
20260905100051359,1,SMALL,2026-09-05 11:19:31
20260905100051360,1,SMALL,2026-09-05 11:20:00
20260905100051361,3,SMALL,2026-09-05 11:20:28
20260905100051362,9,BIG,2026-09-05 11:20:57
20260905100051363,9,BIG,2026-09-05 11:21:31
20260905100051364,8,BIG,2026-09-05 11:22:00
20260905100051365,5,BIG,2026-09-05 11:22:29
20260905100051366,0,SMALL,2026-09-05 11:22:58
20260905100051367,9,BIG,2026-09-05 11:23:28
20260905100051368,8,BIG,2026-09-05 11:24:01
20260905100051369,4,SMALL,2026-09-05 11:24:30
20260905100051370,2,SMALL,2026-09-05 11:24:59
20260905100051371,6,BIG,2026-09-05 11:25:29
20260905100051372,9,BIG,2026-09-05 11:25:58
20260905100051373,5,BIG,2026-09-05 11:26:27
20260905100051374,1,SMALL,2026-09-05 11:27:01
20260905100051375,0,SMALL,2026-09-05 11:27:30
20260905100051376,0,SMALL,2026-09-05 11:27:59
20260905100051377,6,BIG,2026-09-05 11:28:29
20260905100051378,9,BIG,2026-09-05 11:28:58
20260905100051379,6,BIG,2026-09-05 11:29:31
20260905100051380,6,BIG,2026-09-05 11:30:00
20260905100051381,9,BIG,2026-09-05 11:30:29
20260905100051382,9,BIG,2026-09-05 11:30:59
20260905100051383,4,SMALL,2026-09-05 11:31:28
20260905100051384,6,BIG,2026-09-05 11:32:02
20260905100051385,9,BIG,2026-09-05 11:32:31
20260905100051386,4,SMALL,2026-09-05 11:33:00
20260905100051387,8,BIG,2026-09-05 11:33:29
20260905100051388,1,SMALL,2026-09-05 11:33:58
20260905100051389,0,SMALL,2026-09-05 11:34:27
20260905100051390,4,SMALL,2026-09-05 11:35:01
20260905100051391,3,SMALL,2026-09-05 11:35:30
20260905100051392,2,SMALL,2026-09-05 11:35:59
20260905100051393,1,SMALL,2026-09-05 11:36:28
20260905100051394,8,BIG,2026-09-05 11:37:05
20260905100051395,3,SMALL,2026-09-05 11:37:29
20260905100051396,7,BIG,2026-09-05 11:37:58
20260905100051397,8,BIG,2026-09-05 11:38:27
20260905100051398,1,SMALL,2026-09-05 11:39:01
20260905100051399,5,BIG,2026-09-05 11:39:30
20260905100051400,7,BIG,2026-09-05 11:39:59
20260905100051401,1,SMALL,2026-09-05 11:40:28
20260905100051402,7,BIG,2026-09-05 11:40:57
20260905100051403,0,SMALL,2026-09-05 11:41:31
20260905100051404,8,BIG,2026-09-05 11:42:00
20260905100051405,1,SMALL,2026-09-05 11:42:30
20260905100051406,6,BIG,2026-09-05 11:42:59
20260905100051407,4,SMALL,2026-09-05 11:43:28
20260905100051408,3,SMALL,2026-09-05 11:44:02
20260905100051409,3,SMALL,2026-09-05 11:44:30
20260905100051410,3,SMALL,2026-09-05 11:44:59
20260905100051411,2,SMALL,2026-09-05 11:45:28
20260905100051412,8,BIG,2026-09-05 11:45:58
20260905100051413,5,BIG,2026-09-05 11:46:31
20260905100051414,1,SMALL,2026-09-05 11:47:01
20260905100051415,3,SMALL,2026-09-05 11:47:29
20260905100051416,8,BIG,2026-09-05 11:47:58
20260905100051417,2,SMALL,2026-09-05 11:48:27
20260905100051418,8,BIG,2026-09-05 11:49:00
20260905100051419,0,SMALL,2026-09-05 11:49:29
20260905100051420,4,SMALL,2026-09-05 11:49:58
20260905100051421,8,BIG,2026-09-05 11:50:27
20260905100051422,9,BIG,2026-09-05 11:51:01
20260905100051423,8,BIG,2026-09-05 11:51:30
20260905100051424,1,SMALL,2026-09-05 11:51:59
20260905100051425,9,BIG,2026-09-05 11:52:28
20260905100051426,0,SMALL,2026-09-05 11:52:58
20260905100051427,5,BIG,2026-09-05 11:53:27
20260905100051428,8,BIG,2026-09-05 11:54:00
20260905100051429,2,SMALL,2026-09-05 11:54:29
20260905100051430,6,BIG,2026-09-05 11:54:58
20260905100051431,8,BIG,2026-09-05 11:55:31
20260905100051432,1,SMALL,2026-09-05 11:56:00
20260905100051433,4,SMALL,2026-09-05 11:56:29
20260905100051434,3,SMALL,2026-09-05 11:56:58
20260905100051435,0,SMALL,2026-09-05 11:57:27
20260905100051436,9,BIG,2026-09-05 11:58:01
20260905100051437,5,BIG,2026-09-05 11:58:30
20260905100051438,9,BIG,2026-09-05 11:58:59
20260905100051439,2,SMALL,2026-09-05 11:59:28
20260905100051440,8,BIG,2026-09-05 11:59:57
20260905100051441,6,BIG,2026-09-05 12:00:31
20260905100051442,7,BIG,2026-09-05 12:01:00
20260905100051443,6,BIG,2026-09-05 12:01:29
20260905100051444,2,SMALL,2026-09-05 12:01:58
20260905100051445,9,BIG,2026-09-05 12:02:31
20260905100051446,7,BIG,2026-09-05 12:03:01
20260905100051447,7,BIG,2026-09-05 12:03:30
20260905100051448,6,BIG,2026-09-05 12:03:59
20260905100051449,6,BIG,2026-09-05 12:04:28
20260905100051450,0,SMALL,2026-09-05 12:04:58
20260905100051451,0,SMALL,2026-09-05 12:05:28
20260905100051452,2,SMALL,2026-09-05 12:05:57
20260905100051453,8,BIG,2026-09-05 12:06:31
20260905100051454,7,BIG,2026-09-05 12:07:00
20260905100051455,4,SMALL,2026-09-05 12:07:29
20260905100051456,9,BIG,2026-09-05 12:07:58
20260905100051457,2,SMALL,2026-09-05 12:08:27
20260905100051458,8,BIG,2026-09-05 12:09:01
20260905100051459,5,BIG,2026-09-05 12:09:31
20260905100051460,9,BIG,2026-09-05 12:10:00
20260905100051461,3,SMALL,2026-09-05 12:10:29
20260905100051462,1,SMALL,2026-09-05 12:10:59
20260905100051463,7,BIG,2026-09-05 12:11:28
20260905100051464,4,SMALL,2026-09-05 12:12:01
20260905100051465,8,BIG,2026-09-05 12:12:31
20260905100051466,5,BIG,2026-09-05 12:13:01
20260905100051467,9,BIG,2026-09-05 12:13:30
20260905100051468,1,SMALL,2026-09-05 12:13:58
20260905100051469,4,SMALL,2026-09-05 12:14:27
20260905100051470,9,BIG,2026-09-05 12:15:01
20260905100051471,5,BIG,2026-09-05 12:15:30
20260905100051472,7,BIG,2026-09-05 12:15:59
20260905100051473,2,SMALL,2026-09-05 12:16:28
20260905100051474,8,BIG,2026-09-05 12:17:01
20260905100051475,6,BIG,2026-09-05 12:17:30
20260905100051476,8,BIG,2026-09-05 12:17:59
20260905100051477,5,BIG,2026-09-05 12:18:28
20260905100051478,5,BIG,2026-09-05 12:18:57
20260905100051479,2,SMALL,2026-09-05 12:19:31
20260905100051480,0,SMALL,2026-09-05 12:20:00
20260905100051481,6,BIG,2026-09-05 12:20:29
20260905100051482,2,SMALL,2026-09-05 12:20:58
20260905100051483,2,SMALL,2026-09-05 12:21:32
20260905100051484,0,SMALL,2026-09-05 12:22:01
20260905100051485,2,SMALL,2026-09-05 12:22:30
20260905100051486,4,SMALL,2026-09-05 12:22:59
20260905100051487,2,SMALL,2026-09-05 12:23:27
20260905100051488,7,BIG,2026-09-05 12:24:01
20260905100051489,8,BIG,2026-09-05 12:24:30
20260905100051490,1,SMALL,2026-09-05 12:24:59
20260905100051491,4,SMALL,2026-09-05 12:25:28
20260905100051492,7,BIG,2026-09-05 12:25:57
20260905100051493,9,BIG,2026-09-05 12:26:31
20260905100051494,8,BIG,2026-09-05 12:27:04
20260905100051495,6,BIG,2026-09-05 12:27:28
20260905100051496,6,BIG,2026-09-05 12:28:01
20260905100051497,1,SMALL,2026-09-05 12:28:30
20260905100051498,7,BIG,2026-09-05 12:28:59
20260905100051499,3,SMALL,2026-09-05 12:29:28
20260905100051500,3,SMALL,2026-09-05 12:29:58
20260905100051501,2,SMALL,2026-09-05 12:30:27
20260905100051502,7,BIG,2026-09-05 12:31:01
20260905100051503,1,SMALL,2026-09-05 12:31:30
20260905100051504,6,BIG,2026-09-05 12:31:59
20260905100051505,6,BIG,2026-09-05 12:32:28
20260905100051506,0,SMALL,2026-09-05 12:33:02
20260905100051507,4,SMALL,2026-09-05 12:33:30
20260905100051508,3,SMALL,2026-09-05 12:33:59
20260905100051509,9,BIG,2026-09-05 12:34:28
20260905100051510,4,SMALL,2026-09-05 12:34:58
20260905100051511,7,BIG,2026-09-05 12:35:28
20260905100051512,0,SMALL,2026-09-05 12:35:58
20260905100051513,8,BIG,2026-09-05 12:36:31
20260905100051514,0,SMALL,2026-09-05 12:37:00
20260905100051515,8,BIG,2026-09-05 12:37:29
20260905100051516,4,SMALL,2026-09-05 12:37:58
20260905100051517,8,BIG,2026-09-05 12:38:27
20260905100051518,5,BIG,2026-09-05 12:39:01
20260905100051519,8,BIG,2026-09-05 12:39:30
20260905100051520,7,BIG,2026-09-05 12:39:59
20260905100051521,3,SMALL,2026-09-05 12:40:28
20260905100051522,0,SMALL,2026-09-05 12:40:57
20260905100051523,6,BIG,2026-09-05 12:41:31
20260905100051524,9,BIG,2026-09-05 12:42:00
20260905100051525,2,SMALL,2026-09-05 12:42:29
20260905100051526,4,SMALL,2026-09-05 12:42:58
20260905100051527,2,SMALL,2026-09-05 12:43:27
20260905100051528,8,BIG,2026-09-05 12:44:01
20260905100051529,4,SMALL,2026-09-05 12:44:30
20260905100051530,0,SMALL,2026-09-05 12:44:59
20260905100051531,5,BIG,2026-09-05 12:45:28
20260905100051532,9,BIG,2026-09-05 12:45:57
20260905100051533,2,SMALL,2026-09-05 12:46:31
20260905100051534,5,BIG,2026-09-05 12:47:00
20260905100051535,3,SMALL,2026-09-05 12:47:29
20260905100051536,2,SMALL,2026-09-05 12:47:58
20260905100051537,3,SMALL,2026-09-05 12:48:27
20260905100051538,4,SMALL,2026-09-05 12:49:01
20260905100051539,0,SMALL,2026-09-05 12:49:31
20260905100051540,4,SMALL,2026-09-05 12:50:00
20260905100051541,2,SMALL,2026-09-05 12:50:29
20260905100051542,9,BIG,2026-09-05 12:50:59
20260905100051543,0,SMALL,2026-09-05 12:51:28
20260905100051544,7,BIG,2026-09-05 12:51:57
20260905100051545,8,BIG,2026-09-05 12:52:31
20260905100051546,7,BIG,2026-09-05 12:53:00
20260905100051547,8,BIG,2026-09-05 12:53:29
20260905100051548,7,BIG,2026-09-05 12:53:58
20260905100051549,2,SMALL,2026-09-05 12:54:27
20260905100051550,0,SMALL,2026-09-05 12:55:01
20260905100051551,2,SMALL,2026-09-05 12:55:30
20260905100051552,2,SMALL,2026-09-05 12:55:59
20260905100051553,7,BIG,2026-09-05 12:56:28
20260905100051554,9,BIG,2026-09-05 12:56:57
20260905100051555,7,BIG,2026-09-05 12:57:31
20260905100051556,8,BIG,2026-09-05 12:58:00
20260905100051557,6,BIG,2026-09-05 12:58:29
20260905100051558,4,SMALL,2026-09-05 12:58:58
20260905100051559,7,BIG,2026-09-05 12:59:27
20260905100051560,9,BIG,2026-09-05 13:00:01
20260905100051561,2,SMALL,2026-09-05 13:00:30
20260905100051562,6,BIG,2026-09-05 13:00:59
20260905100051563,9,BIG,2026-09-05 13:01:29
20260905100051564,8,BIG,2026-09-05 13:01:58
20260905100051565,2,SMALL,2026-09-05 13:02:32
20260905100051566,1,SMALL,2026-09-05 13:03:05
20260905100051567,8,BIG,2026-09-05 13:03:29
20260905100051568,1,SMALL,2026-09-05 13:03:58
20260905100051569,5,BIG,2026-09-05 13:04:27
20260905100051570,8,BIG,2026-09-05 13:05:01
20260905100051571,8,BIG,2026-09-05 13:05:30
20260905100051572,2,SMALL,2026-09-05 13:05:59
20260905100051573,9,BIG,2026-09-05 13:06:28
20260905100051574,8,BIG,2026-09-05 13:06:57
20260905100051575,7,BIG,2026-09-05 13:07:31
20260905100051576,6,BIG,2026-09-05 13:08:00
20260905100051577,4,SMALL,2026-09-05 13:08:29
20260905100051578,9,BIG,2026-09-05 13:08:58
20260905100051579,0,SMALL,2026-09-05 13:09:27
20260905100051580,2,SMALL,2026-09-05 13:10:01
20260905100051581,3,SMALL,2026-09-05 13:10:30
20260905100051582,9,BIG,2026-09-05 13:10:59
20260905100051583,9,BIG,2026-09-05 13:11:28
20260905100051584,6,BIG,2026-09-05 13:11:57
20260905100051585,0,SMALL,2026-09-05 13:12:31
20260905100051586,6,BIG,2026-09-05 13:13:00
20260905100051587,8,BIG,2026-09-05 13:13:29
20260905100051588,5,BIG,2026-09-05 13:13:58
20260905100051589,0,SMALL,2026-09-05 13:14:27
20260905100051590,7,BIG,2026-09-05 13:15:01
20260905100051591,8,BIG,2026-09-05 13:15:30
20260905100051592,0,SMALL,2026-09-05 13:15:59
20260905100051593,5,BIG,2026-09-05 13:16:28
20260905100051594,7,BIG,2026-09-05 13:16:57
20260905100051595,4,SMALL,2026-09-05 13:17:31
20260905100051596,7,BIG,2026-09-05 13:18:00
20260905100051597,8,BIG,2026-09-05 13:18:29
20260905100051598,6,BIG,2026-09-05 13:18:58
20260905100051599,7,BIG,2026-09-05 13:19:27
20260905100051600,7,BIG,2026-09-05 13:20:01
20260905100051601,7,BIG,2026-09-05 13:20:30
20260905100051602,5,BIG,2026-09-05 13:20:59
20260905100051603,0,SMALL,2026-09-05 13:21:33
20260905100051604,6,BIG,2026-09-05 13:22:01
20260905100051605,8,BIG,2026-09-05 13:22:30
20260905100051606,8,BIG,2026-09-05 13:22:59
20260905100051607,5,BIG,2026-09-05 13:23:28
20260905100051608,4,SMALL,2026-09-05 13:23:57
20260905100051609,0,SMALL,2026-09-05 13:24:31
20260905100051610,2,SMALL,2026-09-05 13:25:00
20260905100051611,8,BIG,2026-09-05 13:25:29
20260905100051612,1,SMALL,2026-09-05 13:25:58
20260905100051613,6,BIG,2026-09-05 13:26:32
20260905100051614,9,BIG,2026-09-05 13:27:01
20260905100051615,5,BIG,2026-09-05 13:27:29
20260905100051616,0,SMALL,2026-09-05 13:27:58
20260905100051617,2,SMALL,2026-09-05 13:28:27
20260905100051618,6,BIG,2026-09-05 13:29:01
20260905100051619,2,SMALL,2026-09-05 13:29:30
20260905100051620,6,BIG,2026-09-05 13:29:59
20260905100051621,2,SMALL,2026-09-05 13:30:28
20260905100051622,4,SMALL,2026-09-05 13:30:57
20260905100051623,0,SMALL,2026-09-05 13:31:31
20260905100051624,0,SMALL,2026-09-05 13:31:59
20260905100051625,5,BIG,2026-09-05 13:32:28
20260905100051626,6,BIG,2026-09-05 13:32:57
20260905100051627,9,BIG,2026-09-05 13:33:31
20260905100051628,0,SMALL,2026-09-05 13:34:01
20260905100051629,4,SMALL,2026-09-05 13:34:30
20260905100051630,5,BIG,2026-09-05 13:34:58
20260905100051631,1,SMALL,2026-09-05 13:35:27
20260905100051632,8,BIG,2026-09-05 13:36:01
20260905100051633,8,BIG,2026-09-05 13:36:29
20260905100051634,9,BIG,2026-09-05 13:36:58
20260905100051635,2,SMALL,2026-09-05 13:37:27
20260905100051636,1,SMALL,2026-09-05 13:38:01
20260905100051637,8,BIG,2026-09-05 13:38:34
20260905100051638,0,SMALL,2026-09-05 13:38:59
20260905100051639,4,SMALL,2026-09-05 13:39:28
20260905100051640,7,BIG,2026-09-05 13:40:01
20260905100051641,2,SMALL,2026-09-05 13:40:31
20260905100051642,8,BIG,2026-09-05 13:41:01
20260905100051643,2,SMALL,2026-09-05 13:41:30
20260905100051644,1,SMALL,2026-09-05 13:41:59
20260905100051645,0,SMALL,2026-09-05 13:42:28
20260905100051646,3,SMALL,2026-09-05 13:42:57
20260905100051647,1,SMALL,2026-09-05 13:43:31
20260905100051648,4,SMALL,2026-09-05 13:44:00
20260905100051649,1,SMALL,2026-09-05 13:44:28
20260905100051650,8,BIG,2026-09-05 13:44:57
20260905100051651,9,BIG,2026-09-05 13:45:31
20260905100051652,4,SMALL,2026-09-05 13:46:00
20260905100051653,9,BIG,2026-09-05 13:46:29
20260905100051654,5,BIG,2026-09-05 13:46:58
20260905100051655,6,BIG,2026-09-05 13:47:32
20260905100051656,9,BIG,2026-09-05 13:48:01
20260905100051657,6,BIG,2026-09-05 13:48:30
20260905100051658,2,SMALL,2026-09-05 13:48:59
20260905100051659,1,SMALL,2026-09-05 13:49:28
20260905100051660,5,BIG,2026-09-05 13:50:01
20260905100051661,6,BIG,2026-09-05 13:50:31
20260905100051662,0,SMALL,2026-09-05 13:51:00
20260905100051663,3,SMALL,2026-09-05 13:51:29
20260905100051664,2,SMALL,2026-09-05 13:51:58
20260905100051665,2,SMALL,2026-09-05 13:52:27
20260905100051666,0,SMALL,2026-09-05 13:53:01
20260905100051667,6,BIG,2026-09-05 13:53:30
20260905100051668,3,SMALL,2026-09-05 13:53:59
20260905100051669,9,BIG,2026-09-05 13:54:28
20260905100051670,8,BIG,2026-09-05 13:54:57
20260905100051671,0,SMALL,2026-09-05 13:55:31
20260905100051672,2,SMALL,2026-09-05 13:56:00
20260905100051673,3,SMALL,2026-09-05 13:56:29
20260905100051674,6,BIG,2026-09-05 13:56:58
20260905100051675,8,BIG,2026-09-05 13:57:32
20260905100051676,7,BIG,2026-09-05 13:58:01
20260905100051677,3,SMALL,2026-09-05 13:58:30
20260905100051678,1,SMALL,2026-09-05 13:58:59
20260905100051679,0,SMALL,2026-09-05 13:59:28
20260905100051680,7,BIG,2026-09-05 14:00:02
20260905100051681,8,BIG,2026-09-05 14:00:31
20260905100051682,7,BIG,2026-09-05 14:00:58
20260905100051683,0,SMALL,2026-09-05 14:01:31
20260905100051684,2,SMALL,2026-09-05 14:02:00
20260905100051685,1,SMALL,2026-09-05 14:02:29
20260905100051686,6,BIG,2026-09-05 14:02:58
20260905100051687,4,SMALL,2026-09-05 14:03:31
20260905100051688,1,SMALL,2026-09-05 14:04:06
20260905100051689,1,SMALL,2026-09-05 14:04:36
20260905100051690,7,BIG,2026-09-05 14:04:58
20260905100051691,7,BIG,2026-09-05 14:05:27
20260905100051692,0,SMALL,2026-09-05 14:06:00
20260905100051693,4,SMALL,2026-09-05 14:06:28
20260905100051694,9,BIG,2026-09-05 14:07:05
20260905100051695,6,BIG,2026-09-05 14:07:28
20260905100051696,4,SMALL,2026-09-05 14:07:58
20260905100051697,7,BIG,2026-09-05 14:08:34
20260905100051698,4,SMALL,2026-09-05 14:08:58
20260905100051699,3,SMALL,2026-09-05 14:09:31
20260905100051700,8,BIG,2026-09-05 14:10:00
20260905100051701,0,SMALL,2026-09-05 14:10:30
20260905100051702,5,BIG,2026-09-05 14:10:59
20260905100051703,0,SMALL,2026-09-05 14:11:28
20260905100051704,5,BIG,2026-09-05 14:12:01
20260905100051705,1,SMALL,2026-09-05 14:12:35
20260905100051706,4,SMALL,2026-09-05 14:12:59
20260905100051707,1,SMALL,2026-09-05 14:13:28
20260905100051708,6,BIG,2026-09-05 14:13:57
20260905100051709,5,BIG,2026-09-05 14:14:31
20260905100051710,9,BIG,2026-09-05 14:15:00
20260905100051711,6,BIG,2026-09-05 14:15:29
20260905100051712,3,SMALL,2026-09-05 14:15:58
20260905100051713,4,SMALL,2026-09-05 14:16:27
20260905100051714,6,BIG,2026-09-05 14:17:01
20260905100051715,9,BIG,2026-09-05 14:17:29
20260905100051716,5,BIG,2026-09-05 14:17:58
20260905100051717,1,SMALL,2026-09-05 14:18:27
20260905100051718,8,BIG,2026-09-05 14:19:01
20260905100051719,9,BIG,2026-09-05 14:19:30
20260905100051720,1,SMALL,2026-09-05 14:19:59
20260905100051721,0,SMALL,2026-09-05 14:20:27
20260905100051722,4,SMALL,2026-09-05 14:21:01
20260905100051723,9,BIG,2026-09-05 14:21:30
20260905100051724,0,SMALL,2026-09-05 14:21:59
20260905100051725,3,SMALL,2026-09-05 14:22:28
20260905100051726,2,SMALL,2026-09-05 14:22:57
20260905100051727,6,BIG,2026-09-05 14:23:31
20260905100051728,2,SMALL,2026-09-05 14:24:01
20260905100051729,2,SMALL,2026-09-05 14:24:30
20260905100051730,5,BIG,2026-09-05 14:24:59
20260905100051731,6,BIG,2026-09-05 14:25:28
20260905100051732,2,SMALL,2026-09-05 14:25:57
20260905100051733,3,SMALL,2026-09-05 14:26:31
20260905100051734,8,BIG,2026-09-05 14:27:00
20260905100051735,4,SMALL,2026-09-05 14:27:30
20260905100051736,8,BIG,2026-09-05 14:27:59
20260905100051737,5,BIG,2026-09-05 14:28:28
20260905100051738,4,SMALL,2026-09-05 14:29:01
20260905100051739,2,SMALL,2026-09-05 14:29:30
20260905100051740,4,SMALL,2026-09-05 14:30:00
20260905100051741,1,SMALL,2026-09-05 14:30:29
20260905100051742,3,SMALL,2026-09-05 14:30:58
20260905100051743,2,SMALL,2026-09-05 14:31:31
20260905100051744,8,BIG,2026-09-05 14:32:01
20260905100051745,1,SMALL,2026-09-05 14:32:30
20260905100051746,1,SMALL,2026-09-05 14:32:59
20260905100051747,3,SMALL,2026-09-05 14:33:28
20260905100051748,3,SMALL,2026-09-05 14:34:02
20260905100051749,5,BIG,2026-09-05 14:34:31
20260905100051750,4,SMALL,2026-09-05 14:34:58
20260905100051751,2,SMALL,2026-09-05 14:35:32
20260905100051752,4,SMALL,2026-09-05 14:36:00
20260905100051753,0,SMALL,2026-09-05 14:36:29
20260905100051754,6,BIG,2026-09-05 14:36:58
20260905100051755,0,SMALL,2026-09-05 14:37:32
20260905100051756,4,SMALL,2026-09-05 14:38:01
20260905100051757,0,SMALL,2026-09-05 14:38:30
20260905100051758,3,SMALL,2026-09-05 14:38:59
20260905100051759,5,BIG,2026-09-05 14:39:27
20260905100051760,1,SMALL,2026-09-05 14:40:01
20260905100051761,0,SMALL,2026-09-05 14:40:29
20260905100051762,5,BIG,2026-09-05 14:40:58
20260905100051763,1,SMALL,2026-09-05 14:41:27
20260905100051764,6,BIG,2026-09-05 14:42:01
20260905100051765,2,SMALL,2026-09-05 14:42:30
20260905100051766,0,SMALL,2026-09-05 14:42:59
20260905100051767,3,SMALL,2026-09-05 14:43:28
20260905100051768,3,SMALL,2026-09-05 14:44:02
20260905100051769,3,SMALL,2026-09-05 14:44:31
20260905100051770,8,BIG,2026-09-05 14:44:59
20260905100051771,8,BIG,2026-09-05 14:45:28
20260905100051772,2,SMALL,2026-09-05 14:45:57
20260905100051773,8,BIG,2026-09-05 14:46:31
20260905100051774,2,SMALL,2026-09-05 14:47:00
20260905100051775,4,SMALL,2026-09-05 14:47:29
20260905100051776,4,SMALL,2026-09-05 14:47:57
20260905100051777,3,SMALL,2026-09-05 14:48:31
20260905100051778,2,SMALL,2026-09-05 14:49:00
20260905100051779,0,SMALL,2026-09-05 14:49:29
20260905100051780,3,SMALL,2026-09-05 14:49:58
20260905100051781,3,SMALL,2026-09-05 14:50:31
20260905100051782,6,BIG,2026-09-05 14:51:00
20260905100051783,1,SMALL,2026-09-05 14:51:29
20260905100051784,1,SMALL,2026-09-05 14:51:59
20260905100051785,9,BIG,2026-09-05 14:52:28
20260905100051786,2,SMALL,2026-09-05 14:53:01
20260905100051787,8,BIG,2026-09-05 14:53:30
20260905100051788,9,BIG,2026-09-05 14:53:59
20260905100051789,6,BIG,2026-09-05 14:54:29
20260905100051790,2,SMALL,2026-09-05 14:54:58
20260905100051791,1,SMALL,2026-09-05 14:55:31
20260905100051792,8,BIG,2026-09-05 14:56:00
20260905100051793,7,BIG,2026-09-05 14:56:29
20260905100051794,8,BIG,2026-09-05 14:56:59
20260905100051795,7,BIG,2026-09-05 14:57:28
20260905100051796,0,SMALL,2026-09-05 14:58:01
20260905100051797,3,SMALL,2026-09-05 14:58:30
20260905100051798,1,SMALL,2026-09-05 14:58:59
20260905100051799,4,SMALL,2026-09-05 14:59:29
20260905100051800,6,BIG,2026-09-05 14:59:58
20260905100051801,2,SMALL,2026-09-05 15:00:31
20260905100051802,3,SMALL,2026-09-05 15:01:01
20260905100051803,9,BIG,2026-09-05 15:01:30
20260905100051804,2,SMALL,2026-09-05 15:01:59
20260905100051805,1,SMALL,2026-09-05 15:02:28
20260905100051806,4,SMALL,2026-09-05 15:02:57
20260905100051807,7,BIG,2026-09-05 15:03:31
20260905100051808,7,BIG,2026-09-05 15:04:00
20260905100051809,1,SMALL,2026-09-05 15:04:29
20260905100051810,8,BIG,2026-09-05 15:04:58
20260905100051811,9,BIG,2026-09-05 15:05:27
20260905100051812,9,BIG,2026-09-05 15:06:01
20260905100051813,0,SMALL,2026-09-05 15:06:31
20260905100051814,2,SMALL,2026-09-05 15:07:00
20260905100051815,5,BIG,2026-09-05 15:07:30
20260905100051816,4,SMALL,2026-09-05 15:07:59
20260905100051817,8,BIG,2026-09-05 15:08:28
20260905100051818,9,BIG,2026-09-05 15:08:57
20260905100051819,5,BIG,2026-09-05 15:09:31
20260905100051820,0,SMALL,2026-09-05 15:10:00
20260905100051821,4,SMALL,2026-09-05 15:10:29
20260905100051822,0,SMALL,2026-09-05 15:10:58
20260905100051823,2,SMALL,2026-09-05 15:11:27
20260905100051824,5,BIG,2026-09-05 15:12:01
20260905100051825,4,SMALL,2026-09-05 15:12:29
20260905100051826,4,SMALL,2026-09-05 15:12:59
20260905100051827,6,BIG,2026-09-05 15:13:28
20260905100051828,0,SMALL,2026-09-05 15:14:01
20260905100051829,1,SMALL,2026-09-05 15:14:30
20260905100051830,6,BIG,2026-09-05 15:14:59
20260905100051831,4,SMALL,2026-09-05 15:15:29
20260905100051832,8,BIG,2026-09-05 15:15:58
20260905100051833,1,SMALL,2026-09-05 15:16:31
20260905100051834,0,SMALL,2026-09-05 15:17:00
20260905100051835,1,SMALL,2026-09-05 15:17:28
20260905100051836,4,SMALL,2026-09-05 15:18:01
20260905100051837,4,SMALL,2026-09-05 15:18:30
20260905100051838,7,BIG,2026-09-05 15:18:59
20260905100051839,0,SMALL,2026-09-05 15:19:29
20260905100051840,7,BIG,2026-09-05 15:19:58
20260905100051841,2,SMALL,2026-09-05 15:20:31
20260905100051842,1,SMALL,2026-09-05 15:21:00
20260905100051843,4,SMALL,2026-09-05 15:21:29
20260905100051844,1,SMALL,2026-09-05 15:21:58
20260905100051845,4,SMALL,2026-09-05 15:22:27
20260905100051846,0,SMALL,2026-09-05 15:23:01
20260905100051847,8,BIG,2026-09-05 15:23:30
20260905100051848,7,BIG,2026-09-05 15:23:59
20260905100051849,7,BIG,2026-09-05 15:24:29
20260905100051850,3,SMALL,2026-09-05 15:24:58
20260905100051851,8,BIG,2026-09-05 15:25:31
20260905100051852,1,SMALL,2026-09-05 15:26:00
20260905100051853,3,SMALL,2026-09-05 15:26:30
20260905100051854,2,SMALL,2026-09-05 15:26:58
20260905100051855,5,BIG,2026-09-05 15:27:27
20260905100051856,3,SMALL,2026-09-05 15:28:01
20260905100051857,2,SMALL,2026-09-05 15:28:29
20260905100051858,0,SMALL,2026-09-05 15:28:58
20260905100051859,3,SMALL,2026-09-05 15:29:27
20260905100051860,3,SMALL,2026-09-05 15:30:01
20260905100051861,7,BIG,2026-09-05 15:30:30
20260905100051862,3,SMALL,2026-09-05 15:30:59
20260905100051863,8,BIG,2026-09-05 15:31:29
20260905100051864,2,SMALL,2026-09-05 15:31:58
20260905100051865,1,SMALL,2026-09-05 15:32:35
20260905100051866,3,SMALL,2026-09-05 15:33:00
20260905100051867,8,BIG,2026-09-05 15:33:29
20260905100051868,1,SMALL,2026-09-05 15:33:58
20260905100051869,3,SMALL,2026-09-05 15:34:27
20260905100051870,7,BIG,2026-09-05 15:35:01
20260905100051871,6,BIG,2026-09-05 15:35:29
20260905100051872,7,BIG,2026-09-05 15:36:02
20260905100051873,0,SMALL,2026-09-05 15:36:35
20260905100051874,6,BIG,2026-09-05 15:37:00
20260905100051875,0,SMALL,2026-09-05 15:37:30
20260905100051876,1,SMALL,2026-09-05 15:37:59
20260905100051877,7,BIG,2026-09-05 15:38:28
20260905100051878,6,BIG,2026-09-05 15:38:57
20260905100051879,9,BIG,2026-09-05 15:39:31
20260905100051880,3,SMALL,2026-09-05 15:40:00
20260905100051881,1,SMALL,2026-09-05 15:40:29
20260905100051882,1,SMALL,2026-09-05 15:40:58
20260905100051883,4,SMALL,2026-09-05 15:41:28
20260905100051884,1,SMALL,2026-09-05 15:42:01
20260905100051885,3,SMALL,2026-09-05 15:42:30
20260905100051886,1,SMALL,2026-09-05 15:42:59
20260905100051887,5,BIG,2026-09-05 15:43:28
20260905100051888,6,BIG,2026-09-05 15:43:57
20260905100051889,8,BIG,2026-09-05 15:44:31
20260905100051890,7,BIG,2026-09-05 15:45:00
20260905100051891,2,SMALL,2026-09-05 15:45:30
20260905100051892,7,BIG,2026-09-05 15:45:59
20260905100051893,2,SMALL,2026-09-05 15:46:27
20260905100051894,8,BIG,2026-09-05 15:47:01
20260905100051895,6,BIG,2026-09-05 15:47:30
20260905100051896,5,BIG,2026-09-05 15:47:59
20260905100051897,6,BIG,2026-09-05 15:48:28
20260905100051898,5,BIG,2026-09-05 15:48:57
20260905100051899,9,BIG,2026-09-05 15:49:31
20260905100051900,5,BIG,2026-09-05 15:50:00
20260905100051901,5,BIG,2026-09-05 15:50:29
20260905100051902,1,SMALL,2026-09-05 15:50:58
20260905100051903,8,BIG,2026-09-05 15:51:27
20260905100051904,1,SMALL,2026-09-05 15:52:05
20260905100051905,7,BIG,2026-09-05 15:52:30
20260905100051906,7,BIG,2026-09-05 15:52:59
20260905100051907,9,BIG,2026-09-05 15:53:28
20260905100051908,7,BIG,2026-09-05 15:53:58
20260905100051909,9,BIG,2026-09-05 15:54:31
20260905100051910,2,SMALL,2026-09-05 15:55:01
20260905100051911,5,BIG,2026-09-05 15:55:30
20260905100051912,0,SMALL,2026-09-05 15:55:58
20260905100051913,1,SMALL,2026-09-05 15:56:27
20260905100051914,1,SMALL,2026-09-05 15:57:01
20260905100051915,6,BIG,2026-09-05 15:57:30
20260905100051916,3,SMALL,2026-09-05 15:57:59
20260905100051917,6,BIG,2026-09-05 15:58:28
20260905100051918,3,SMALL,2026-09-05 15:58:57
20260905100051919,7,BIG,2026-09-05 15:59:31
20260905100051920,7,BIG,2026-09-05 16:00:01
20260905100051921,7,BIG,2026-09-05 16:00:30
20260905100051922,4,SMALL,2026-09-05 16:00:59
20260905100051923,6,BIG,2026-09-05 16:01:28
20260905100051924,5,BIG,2026-09-05 16:02:01
20260905100051925,6,BIG,2026-09-05 16:02:31
20260905100051926,6,BIG,2026-09-05 16:03:00
20260905100051927,2,SMALL,2026-09-05 16:03:29
20260905100051928,0,SMALL,2026-09-05 16:03:59
20260905100051929,5,BIG,2026-09-05 16:04:28
20260905100051930,2,SMALL,2026-09-05 16:04:57
20260905100051931,9,BIG,2026-09-05 16:05:31
20260905100051932,7,BIG,2026-09-05 16:06:00
20260905100051933,1,SMALL,2026-09-05 16:06:29
20260905100051934,8,BIG,2026-09-05 16:06:58
20260905100051935,2,SMALL,2026-09-05 16:07:28
20260905100051936,2,SMALL,2026-09-05 16:08:01
20260905100051937,2,SMALL,2026-09-05 16:08:31
20260905100051938,3,SMALL,2026-09-05 16:09:00
20260905100051939,7,BIG,2026-09-05 16:09:29
20260905100051940,9,BIG,2026-09-05 16:09:58
20260905100051941,3,SMALL,2026-09-05 16:10:28
20260905100051942,0,SMALL,2026-09-05 16:11:01
20260905100051943,3,SMALL,2026-09-05 16:11:30
20260905100051944,5,BIG,2026-09-05 16:11:59
20260905100051945,1,SMALL,2026-09-05 16:12:27
20260905100051946,5,BIG,2026-09-05 16:12:58
20260905100051947,9,BIG,2026-09-05 16:13:32
20260905100051948,5,BIG,2026-09-05 16:14:01
20260905100051949,3,SMALL,2026-09-05 16:14:30
20260905100051950,3,SMALL,2026-09-05 16:14:59
20260905100051951,4,SMALL,2026-09-05 16:15:28
20260905100051952,7,BIG,2026-09-05 16:15:57
20260905100051953,4,SMALL,2026-09-05 16:16:30
20260905100051954,3,SMALL,2026-09-05 16:16:59
20260905100051955,7,BIG,2026-09-05 16:17:28
20260905100051956,8,BIG,2026-09-05 16:18:02
20260905100051957,8,BIG,2026-09-05 16:18:31
20260905100051958,3,SMALL,2026-09-05 16:19:01
20260905100051959,9,BIG,2026-09-05 16:19:30
20260905100051960,0,SMALL,2026-09-05 16:19:59
20260905100051961,9,BIG,2026-09-05 16:20:28
20260905100051962,1,SMALL,2026-09-05 16:20:57
20260905100051963,5,BIG,2026-09-05 16:21:31
20260905100051964,2,SMALL,2026-09-05 16:22:00
20260905100051965,6,BIG,2026-09-05 16:22:29
20260905100051966,8,BIG,2026-09-05 16:22:58
20260905100051967,9,BIG,2026-09-05 16:23:28
20260905100051968,6,BIG,2026-09-05 16:23:58
20260905100051969,4,SMALL,2026-09-05 16:24:31
20260905100051970,9,BIG,2026-09-05 16:25:01
20260905100051971,1,SMALL,2026-09-05 16:25:30
20260905100051972,7,BIG,2026-09-05 16:25:59
20260905100051973,5,BIG,2026-09-05 16:26:28
20260905100051974,7,BIG,2026-09-05 16:27:01
20260905100051975,8,BIG,2026-09-05 16:27:30
20260905100051976,1,SMALL,2026-09-05 16:27:59
20260905100051977,7,BIG,2026-09-05 16:28:28
20260905100051978,5,BIG,2026-09-05 16:28:58
20260905100051979,3,SMALL,2026-09-05 16:29:27
20260905100051980,7,BIG,2026-09-05 16:30:01
20260905100051981,7,BIG,2026-09-05 16:30:31
20260905100051982,6,BIG,2026-09-05 16:31:00
20260905100051983,0,SMALL,2026-09-05 16:31:29
20260905100051984,9,BIG,2026-09-05 16:31:58
20260905100051985,6,BIG,2026-09-05 16:32:28
20260905100051986,3,SMALL,2026-09-05 16:33:02
20260905100051987,1,SMALL,2026-09-05 16:33:31
20260905100051988,2,SMALL,2026-09-05 16:34:00
20260905100051989,7,BIG,2026-09-05 16:34:29
20260905100051990,3,SMALL,2026-09-05 16:34:58
20260905100051991,8,BIG,2026-09-05 16:35:31
20260905100051992,3,SMALL,2026-09-05 16:36:00
20260905100051993,3,SMALL,2026-09-05 16:36:29
20260905100051994,8,BIG,2026-09-05 16:36:58
20260905100051995,0,SMALL,2026-09-05 16:37:32
20260905100051996,3,SMALL,2026-09-05 16:38:01
20260905100051997,2,SMALL,2026-09-05 16:38:30
20260905100051998,9,BIG,2026-09-05 16:38:59
20260905100051999,2,SMALL,2026-09-05 16:39:27
20260905100052000,0,SMALL,2026-09-05 16:40:01
20260905100052001,8,BIG,2026-09-05 16:40:30
20260905100052002,8,BIG,2026-09-05 16:40:59
20260905100052003,8,BIG,2026-09-05 16:41:28
20260905100052004,5,BIG,2026-09-05 16:41:57
20260905100052005,8,BIG,2026-09-05 16:42:31
20260905100052006,2,SMALL,2026-09-05 16:43:00
20260905100052007,1,SMALL,2026-09-05 16:43:29
20260905100052008,7,BIG,2026-09-05 16:43:59
20260905100052009,2,SMALL,2026-09-05 16:44:28
20260905100052010,1,SMALL,2026-09-05 16:44:57
20260905100052011,7,BIG,2026-09-05 16:45:31
20260905100052012,7,BIG,2026-09-05 16:46:00
20260905100052013,2,SMALL,2026-09-05 16:46:28
20260905100052014,4,SMALL,2026-09-05 16:46:57
20260905100052015,0,SMALL,2026-09-05 16:47:31
20260905100052016,5,BIG,2026-09-05 16:48:00
20260905100052017,4,SMALL,2026-09-05 16:48:29
20260905100052018,4,SMALL,2026-09-05 16:48:58
20260905100052019,2,SMALL,2026-09-05 16:49:31
20260905100052020,3,SMALL,2026-09-05 16:50:00
20260905100052021,8,BIG,2026-09-05 16:50:29
20260905100052022,1,SMALL,2026-09-05 16:50:58
20260905100052023,0,SMALL,2026-09-05 16:51:31
20260905100052024,8,BIG,2026-09-05 16:52:00
20260905100052025,0,SMALL,2026-09-05 16:52:29
20260905100052026,4,SMALL,2026-09-05 16:52:58
20260905100052027,9,BIG,2026-09-05 16:53:27
20260905100052028,7,BIG,2026-09-05 16:54:01
20260905100052029,3,SMALL,2026-09-05 16:54:30
20260905100052030,5,BIG,2026-09-05 16:55:03
20260905100052031,9,BIG,2026-09-05 16:55:27
20260905100052032,3,SMALL,2026-09-05 16:56:01
20260905100052033,2,SMALL,2026-09-05 16:56:30
20260905100052034,8,BIG,2026-09-05 16:56:59
20260905100052035,8,BIG,2026-09-05 16:57:28
20260905100052036,7,BIG,2026-09-05 16:57:58
20260905100052037,8,BIG,2026-09-05 16:58:31
20260905100052038,1,SMALL,2026-09-05 16:59:00
20260905100052039,8,BIG,2026-09-05 16:59:30
20260905100052040,3,SMALL,2026-09-05 16:59:58
20260905100052041,1,SMALL,2026-09-05 17:00:28
20260905100052042,5,BIG,2026-09-05 17:00:59
20260905100052043,5,BIG,2026-09-05 17:01:29
20260905100052044,4,SMALL,2026-09-05 17:01:58
20260905100052045,2,SMALL,2026-09-05 17:02:27
20260905100052046,8,BIG,2026-09-05 17:02:57
20260905100052047,5,BIG,2026-09-05 17:03:31
20260905100052048,7,BIG,2026-09-05 17:04:01
20260905100052049,1,SMALL,2026-09-05 17:04:30
20260905100052050,5,BIG,2026-09-05 17:05:00
20260905100052051,3,SMALL,2026-09-05 17:05:29
20260905100052052,4,SMALL,2026-09-05 17:05:58
20260905100052053,5,BIG,2026-09-05 17:06:28
20260905100052054,5,BIG,2026-09-05 17:07:02
20260905100052055,8,BIG,2026-09-05 17:07:31
20260905100052056,3,SMALL,2026-09-05 17:08:00
20260905100052057,2,SMALL,2026-09-05 17:08:30
20260905100052058,9,BIG,2026-09-05 17:08:59
20260905100052059,9,BIG,2026-09-05 17:09:29
20260905100052060,8,BIG,2026-09-05 17:09:58
20260905100052061,1,SMALL,2026-09-05 17:10:27
20260905100052062,3,SMALL,2026-09-05 17:11:01
20260905100052063,2,SMALL,2026-09-05 17:11:31
20260905100052064,0,SMALL,2026-09-05 17:11:59
20260905100052065,5,BIG,2026-09-05 17:12:28
20260905100052066,0,SMALL,2026-09-05 17:13:02
20260905100052067,1,SMALL,2026-09-05 17:13:31
20260905100052068,2,SMALL,2026-09-05 17:14:00
20260905100052069,4,SMALL,2026-09-05 17:14:29
20260905100052070,8,BIG,2026-09-05 17:14:59
20260905100052071,5,BIG,2026-09-05 17:15:28
20260905100052072,0,SMALL,2026-09-05 17:15:58
20260905100052073,7,BIG,2026-09-05 17:16:32
20260905100052074,7,BIG,2026-09-05 17:17:01
20260905100052075,3,SMALL,2026-09-05 17:17:31
20260905100052076,4,SMALL,2026-09-05 17:18:00
20260905100052077,4,SMALL,2026-09-05 17:18:29
20260905100052078,7,BIG,2026-09-05 17:18:58
20260905100052079,5,BIG,2026-09-05 17:19:27
20260905100052080,0,SMALL,2026-09-05 17:20:01
20260905100052081,5,BIG,2026-09-05 17:20:30
20260905100052082,2,SMALL,2026-09-05 17:20:59
20260905100052083,2,SMALL,2026-09-05 17:21:29
20260905100052084,1,SMALL,2026-09-05 17:21:58
20260905100052085,5,BIG,2026-09-05 17:22:31
20260905100052086,9,BIG,2026-09-05 17:23:01
20260905100052087,8,BIG,2026-09-05 17:23:30
20260905100052088,7,BIG,2026-09-05 17:23:58
20260905100052089,6,BIG,2026-09-05 17:24:28
20260905100052090,9,BIG,2026-09-05 17:24:57
20260905100052091,0,SMALL,2026-09-05 17:25:31
20260905100052092,2,SMALL,2026-09-05 17:26:01
20260905100052093,0,SMALL,2026-09-05 17:26:31
20260905100052094,7,BIG,2026-09-05 17:27:00
20260905100052095,4,SMALL,2026-09-05 17:27:30
20260905100052096,0,SMALL,2026-09-05 17:27:59
20260905100052097,1,SMALL,2026-09-05 17:28:29
20260905100052098,2,SMALL,2026-09-05 17:28:59
20260905100052099,8,BIG,2026-09-05 17:29:28
20260905100052100,9,BIG,2026-09-05 17:30:01
20260905100052101,6,BIG,2026-09-05 17:30:31
20260905100052102,9,BIG,2026-09-05 17:31:04
20260905100052103,2,SMALL,2026-09-05 17:31:29
20260905100052104,5,BIG,2026-09-05 17:32:00
20260905100052105,2,SMALL,2026-09-05 17:32:29
20260905100052106,2,SMALL,2026-09-05 17:32:59
20260905100052107,8,BIG,2026-09-05 17:33:28
20260905100052108,5,BIG,2026-09-05 17:33:58
20260905100052109,9,BIG,2026-09-05 17:34:31
20260905100052110,2,SMALL,2026-09-05 17:35:00
20260905100052111,4,SMALL,2026-09-05 17:35:29
20260905100052112,2,SMALL,2026-09-05 17:35:59
20260905100052113,8,BIG,2026-09-05 17:36:28
20260905100052114,1,SMALL,2026-09-05 17:36:57
20260905100052115,6,BIG,2026-09-05 17:37:32
20260905100052116,8,BIG,2026-09-05 17:38:01
20260905100052117,6,BIG,2026-09-05 17:38:30
20260905100052118,8,BIG,2026-09-05 17:39:01
20260905100052119,0,SMALL,2026-09-05 17:39:30
20260905100052120,0,SMALL,2026-09-05 17:39:59
20260905100052121,0,SMALL,2026-09-05 17:40:29
20260905100052122,2,SMALL,2026-09-05 17:40:59
20260905100052123,3,SMALL,2026-09-05 17:41:28
20260905100052124,5,BIG,2026-09-05 17:41:57
20260905100052125,7,BIG,2026-09-05 17:42:31
20260905100052126,9,BIG,2026-09-05 17:43:00
20260905100052127,1,SMALL,2026-09-05 17:43:29
20260905100052128,3,SMALL,2026-09-05 17:43:58
20260905100052129,5,BIG,2026-09-05 17:44:32
20260905100052130,6,BIG,2026-09-05 17:45:01
20260905100052131,7,BIG,2026-09-05 17:45:31
20260905100052132,6,BIG,2026-09-05 17:46:00
20260905100052133,5,BIG,2026-09-05 17:46:29
20260905100052134,5,BIG,2026-09-05 17:46:58
20260905100052135,3,SMALL,2026-09-05 17:47:27
20260905100052136,3,SMALL,2026-09-05 17:48:01
20260905100052137,9,BIG,2026-09-05 17:48:31
20260905100052138,0,SMALL,2026-09-05 17:49:00
20260905100052139,0,SMALL,2026-09-05 17:49:30
20260905100052140,8,BIG,2026-09-05 17:50:00
20260905100052141,5,BIG,2026-09-05 17:50:29
20260905100052142,9,BIG,2026-09-05 17:51:00
20260905100052143,9,BIG,2026-09-05 17:51:29
20260905100052144,5,BIG,2026-09-05 17:51:58
20260905100052145,3,SMALL,2026-09-05 17:52:31
20260905100052146,2,SMALL,2026-09-05 17:53:00
20260905100052147,8,BIG,2026-09-05 17:53:29
20260905100052148,4,SMALL,2026-09-05 17:53:58
20260905100052149,3,SMALL,2026-09-05 17:54:31
20260905100052150,6,BIG,2026-09-05 17:55:01
20260905100052151,8,BIG,2026-09-05 17:55:31
20260905100052152,1,SMALL,2026-09-05 17:56:00
20260905100052153,1,SMALL,2026-09-05 17:56:29
20260905100052154,4,SMALL,2026-09-05 17:56:59
20260905100052155,3,SMALL,2026-09-05 17:57:28
20260905100052156,3,SMALL,2026-09-05 17:57:57
20260905100052157,9,BIG,2026-09-05 17:58:31
20260905100052158,2,SMALL,2026-09-05 17:59:01
20260905100052159,4,SMALL,2026-09-05 17:59:30
20260905100052160,4,SMALL,2026-09-05 17:59:59
20260905100052161,7,BIG,2026-09-05 18:00:28
20260905100052162,3,SMALL,2026-09-05 18:00:57
20260905100052163,4,SMALL,2026-09-05 18:01:27
20260905100052164,4,SMALL,2026-09-05 18:02:01
20260905100052165,7,BIG,2026-09-05 18:02:30
20260905100052166,3,SMALL,2026-09-05 18:03:00
20260905100052167,8,BIG,2026-09-05 18:03:29
20260905100052168,7,BIG,2026-09-05 18:04:00
20260905100052169,2,SMALL,2026-09-05 18:04:29
20260905100052170,9,BIG,2026-09-05 18:04:59
20260905100052171,1,SMALL,2026-09-05 18:05:28
20260905100052172,4,SMALL,2026-09-05 18:05:58
20260905100052173,2,SMALL,2026-09-05 18:06:27
20260905100052174,9,BIG,2026-09-05 18:07:01
20260905100052175,3,SMALL,2026-09-05 18:07:30
20260905100052176,2,SMALL,2026-09-05 18:07:59
20260905100052177,2,SMALL,2026-09-05 18:08:28
20260905100052178,2,SMALL,2026-09-05 18:08:57
20260905100052179,5,BIG,2026-09-05 18:09:32
20260905100052180,0,SMALL,2026-09-05 18:10:01
20260905100052181,4,SMALL,2026-09-05 18:10:35
20260905100052182,5,BIG,2026-09-05 18:10:59
20260905100052183,7,BIG,2026-09-05 18:11:29
20260905100052184,1,SMALL,2026-09-05 18:11:58
20260905100052185,1,SMALL,2026-09-05 18:12:27
20260905100052186,7,BIG,2026-09-05 18:13:01
20260905100052187,8,BIG,2026-09-05 18:13:31
20260905100052188,3,SMALL,2026-09-05 18:14:01
20260905100052189,7,BIG,2026-09-05 18:14:30
20260905100052190,6,BIG,2026-09-05 18:14:59
20260905100052191,2,SMALL,2026-09-05 18:15:29
20260905100052192,3,SMALL,2026-09-05 18:15:58
20260905100052193,7,BIG,2026-09-05 18:16:27
20260905100052194,8,BIG,2026-09-05 18:17:01
20260905100052195,3,SMALL,2026-09-05 18:17:31
20260905100052196,3,SMALL,2026-09-05 18:18:00
20260905100052197,3,SMALL,2026-09-05 18:18:29
20260905100052198,4,SMALL,2026-09-05 18:18:59
20260905100052199,7,BIG,2026-09-05 18:19:28
20260905100052200,0,SMALL,2026-09-05 18:19:58
20260905100052201,5,BIG,2026-09-05 18:20:32
20260905100052202,9,BIG,2026-09-05 18:21:01
20260905100052203,8,BIG,2026-09-05 18:21:30
20260905100052204,7,BIG,2026-09-05 18:21:58
20260905100052205,2,SMALL,2026-09-05 18:22:31
20260905100052206,9,BIG,2026-09-05 18:23:01
20260905100052207,9,BIG,2026-09-05 18:23:30
20260905100052208,9,BIG,2026-09-05 18:23:59
20260905100052209,9,BIG,2026-09-05 18:24:28
20260905100052210,7,BIG,2026-09-05 18:24:57
20260905100052211,5,BIG,2026-09-05 18:25:31
20260905100052212,8,BIG,2026-09-05 18:26:00
20260905100052213,0,SMALL,2026-09-05 18:26:29
20260905100052214,2,SMALL,2026-09-05 18:26:59
20260905100052215,6,BIG,2026-09-05 18:27:28
20260905100052216,5,BIG,2026-09-05 18:27:57
20260905100052217,5,BIG,2026-09-05 18:28:31
20260905100052218,2,SMALL,2026-09-05 18:29:00
20260905100052219,4,SMALL,2026-09-05 18:29:30
20260905100052220,7,BIG,2026-09-05 18:29:59
20260905100052221,4,SMALL,2026-09-05 18:30:28
20260905100052222,0,SMALL,2026-09-05 18:30:57
20260905100052223,5,BIG,2026-09-05 18:31:31
20260905100052224,1,SMALL,2026-09-05 18:32:01
20260905100052225,5,BIG,2026-09-05 18:32:30
20260905100052226,8,BIG,2026-09-05 18:33:00
20260905100052227,9,BIG,2026-09-05 18:33:29
20260905100052228,3,SMALL,2026-09-05 18:33:59
20260905100052229,2,SMALL,2026-09-05 18:34:28
20260905100052230,6,BIG,2026-09-05 18:34:58
20260905100052231,1,SMALL,2026-09-05 18:35:27
20260905100052232,5,BIG,2026-09-05 18:36:01
20260905100052233,0,SMALL,2026-09-05 18:36:31
20260905100052234,2,SMALL,2026-09-05 18:36:58
20260905100052235,5,BIG,2026-09-05 18:37:31
20260905100052236,6,BIG,2026-09-05 18:38:00
20260905100052237,2,SMALL,2026-09-05 18:38:29
20260905100052238,5,BIG,2026-09-05 18:38:58
20260905100052239,1,SMALL,2026-09-05 18:39:27
20260905100052240,7,BIG,2026-09-05 18:40:01
20260905100052241,8,BIG,2026-09-05 18:40:31
20260905100052242,1,SMALL,2026-09-05 18:41:00
20260905100052243,2,SMALL,2026-09-05 18:41:29
20260905100052244,6,BIG,2026-09-05 18:41:58
20260905100052245,2,SMALL,2026-09-05 18:42:28
20260905100052246,2,SMALL,2026-09-05 18:42:57
20260905100052247,3,SMALL,2026-09-05 18:43:30
20260905100052248,5,BIG,2026-09-05 18:44:00
20260905100052249,0,SMALL,2026-09-05 18:44:28
20260905100052250,3,SMALL,2026-09-05 18:44:57
20260905100052251,1,SMALL,2026-09-05 18:45:31
20260905100052252,1,SMALL,2026-09-05 18:46:00
20260905100052253,9,BIG,2026-09-05 18:46:29
20260905100052254,1,SMALL,2026-09-05 18:46:58
20260905100052255,0,SMALL,2026-09-05 18:47:28
20260905100052256,2,SMALL,2026-09-05 18:47:57
20260905100052257,1,SMALL,2026-09-05 18:48:31
20260905100052258,0,SMALL,2026-09-05 18:49:00
20260905100052259,8,BIG,2026-09-05 18:49:29
20260905100052260,4,SMALL,2026-09-05 18:49:58
20260905100052261,3,SMALL,2026-09-05 18:50:28
20260905100052262,7,BIG,2026-09-05 18:51:02
20260905100052263,6,BIG,2026-09-05 18:51:31
20260905100052264,7,BIG,2026-09-05 18:52:00
20260905100052265,8,BIG,2026-09-05 18:52:29
20260905100052266,3,SMALL,2026-09-05 18:52:58
20260905100052267,6,BIG,2026-09-05 18:53:31
20260905100052268,7,BIG,2026-09-05 18:54:00
20260905100052269,9,BIG,2026-09-05 18:54:29
20260905100052270,3,SMALL,2026-09-05 18:54:58
20260905100052271,1,SMALL,2026-09-05 18:55:29
20260905100052272,6,BIG,2026-09-05 18:55:58
20260905100052273,0,SMALL,2026-09-05 18:56:27
20260905100052274,8,BIG,2026-09-05 18:57:01
20260905100052275,3,SMALL,2026-09-05 18:57:30
20260905100052276,0,SMALL,2026-09-05 18:57:59
20260905100052277,8,BIG,2026-09-05 18:58:28
20260905100052278,5,BIG,2026-09-05 18:58:58
20260905100052279,0,SMALL,2026-09-05 18:59:31
20260905100052280,8,BIG,2026-09-05 19:00:00
20260905100052281,6,BIG,2026-09-05 19:00:29
20260905100052282,6,BIG,2026-09-05 19:00:59
20260905100052283,3,SMALL,2026-09-05 19:01:28
20260905100052284,2,SMALL,2026-09-05 19:01:58
20260905100052285,9,BIG,2026-09-05 19:02:31
20260905100052286,7,BIG,2026-09-05 19:03:00
20260905100052287,7,BIG,2026-09-05 19:03:28
20260905100052288,2,SMALL,2026-09-05 19:03:58
20260905100052289,8,BIG,2026-09-05 19:04:31
20260905100052290,6,BIG,2026-09-05 19:05:02
20260905100052291,1,SMALL,2026-09-05 19:05:31
20260905100052292,1,SMALL,2026-09-05 19:06:00
20260905100052293,0,SMALL,2026-09-05 19:06:29
20260905100052294,3,SMALL,2026-09-05 19:06:58
20260905100052295,0,SMALL,2026-09-05 19:07:27
20260905100052296,1,SMALL,2026-09-05 19:08:01
20260905100052297,3,SMALL,2026-09-05 19:08:31
20260905100052298,4,SMALL,2026-09-05 19:09:00
20260905100052299,1,SMALL,2026-09-05 19:09:29
20260905100052300,0,SMALL,2026-09-05 19:09:59
20260905100052301,2,SMALL,2026-09-05 19:10:28
20260905100052302,5,BIG,2026-09-05 19:10:57
20260905100052303,0,SMALL,2026-09-05 19:11:27
20260905100052304,3,SMALL,2026-09-05 19:12:01
20260905100052305,1,SMALL,2026-09-05 19:12:30
20260905100052306,2,SMALL,2026-09-05 19:12:59
20260905100052307,3,SMALL,2026-09-05 19:13:28
20260905100052308,7,BIG,2026-09-05 19:13:57
20260905100052309,3,SMALL,2026-09-05 19:14:31
20260905100052310,8,BIG,2026-09-05 19:15:00
20260905100052311,9,BIG,2026-09-05 19:15:30
20260905100052312,4,SMALL,2026-09-05 19:15:59
20260905100052313,4,SMALL,2026-09-05 19:16:28
20260905100052314,9,BIG,2026-09-05 19:16:57
20260905100052315,3,SMALL,2026-09-05 19:17:31
20260905100052316,0,SMALL,2026-09-05 19:18:04
20260905100052317,7,BIG,2026-09-05 19:18:29
20260905100052318,6,BIG,2026-09-05 19:18:58
20260905100052319,1,SMALL,2026-09-05 19:19:31
20260905100052320,5,BIG,2026-09-05 19:20:01
20260905100052321,3,SMALL,2026-09-05 19:20:30
20260905100052322,4,SMALL,2026-09-05 19:20:59
20260905100052323,0,SMALL,2026-09-05 19:21:28
20260905100052324,6,BIG,2026-09-05 19:21:57
20260905100052325,2,SMALL,2026-09-05 19:22:31
20260905100052326,8,BIG,2026-09-05 19:23:01
20260905100052327,0,SMALL,2026-09-05 19:23:30
20260905100052328,2,SMALL,2026-09-05 19:24:00
20260905100052329,1,SMALL,2026-09-05 19:24:30
20260905100052330,5,BIG,2026-09-05 19:24:59
20260905100052331,2,SMALL,2026-09-05 19:25:27
20260905100052332,7,BIG,2026-09-05 19:26:01
20260905100052333,1,SMALL,2026-09-05 19:26:31
20260905100052334,0,SMALL,2026-09-05 19:27:00
20260905100052335,4,SMALL,2026-09-05 19:27:29
20260905100052336,0,SMALL,2026-09-05 19:27:58
20260905100052337,0,SMALL,2026-09-05 19:28:32
20260905100052338,2,SMALL,2026-09-05 19:29:01
20260905100052339,6,BIG,2026-09-05 19:29:30
20260905100052340,4,SMALL,2026-09-05 19:29:59
20260905100052341,1,SMALL,2026-09-05 19:30:28
20260905100052342,0,SMALL,2026-09-05 19:30:57
20260905100052343,9,BIG,2026-09-05 19:31:31
20260905100052344,6,BIG,2026-09-05 19:32:00
20260905100052345,5,BIG,2026-09-05 19:32:29
20260905100052346,2,SMALL,2026-09-05 19:32:59
20260905100052347,3,SMALL,2026-09-05 19:33:28
20260905100052348,5,BIG,2026-09-05 19:34:01
20260905100052349,0,SMALL,2026-09-05 19:34:31
20260905100052350,6,BIG,2026-09-05 19:35:00
20260905100052351,1,SMALL,2026-09-05 19:35:28
20260905100052352,2,SMALL,2026-09-05 19:36:01
20260905100052353,2,SMALL,2026-09-05 19:36:30
20260905100052354,3,SMALL,2026-09-05 19:36:59
20260905100052355,5,BIG,2026-09-05 19:37:29
20260905100052356,1,SMALL,2026-09-05 19:37:58
20260905100052357,8,BIG,2026-09-05 19:38:27
20260905100052358,4,SMALL,2026-09-05 19:39:01
20260905100052359,5,BIG,2026-09-05 19:39:30
20260905100052360,2,SMALL,2026-09-05 19:40:00
20260905100052361,7,BIG,2026-09-05 19:40:29
20260905100052362,9,BIG,2026-09-05 19:40:58
20260905100052363,7,BIG,2026-09-05 19:41:28
20260905100052364,0,SMALL,2026-09-05 19:42:01
20260905100052365,8,BIG,2026-09-05 19:42:30
20260905100052366,9,BIG,2026-09-05 19:43:00
20260905100052367,6,BIG,2026-09-05 19:43:29
20260905100052368,0,SMALL,2026-09-05 19:43:58
20260905100052369,0,SMALL,2026-09-05 19:44:31
20260905100052370,8,BIG,2026-09-05 19:45:00
20260905100052371,8,BIG,2026-09-05 19:45:29
20260905100052372,7,BIG,2026-09-05 19:45:59
20260905100052373,6,BIG,2026-09-05 19:46:28
20260905100052374,2,SMALL,2026-09-05 19:47:02
20260905100052375,7,BIG,2026-09-05 19:47:31
20260905100052376,6,BIG,2026-09-05 19:48:00
20260905100052377,9,BIG,2026-09-05 19:48:29
20260905100052378,5,BIG,2026-09-05 19:48:59
20260905100052379,1,SMALL,2026-09-05 19:49:28
20260905100052380,9,BIG,2026-09-05 19:50:01
20260905100052381,9,BIG,2026-09-05 19:50:30
20260905100052382,2,SMALL,2026-09-05 19:50:59
20260905100052383,4,SMALL,2026-09-05 19:51:28
20260905100052384,2,SMALL,2026-09-05 19:51:57
20260905100052385,1,SMALL,2026-09-05 19:52:30
20260905100052386,3,SMALL,2026-09-05 19:52:59
20260905100052387,4,SMALL,2026-09-05 19:53:28
20260905100052388,9,BIG,2026-09-05 19:53:58
20260905100052389,1,SMALL,2026-09-05 19:54:32
20260905100052390,9,BIG,2026-09-05 19:55:01
20260905100052391,6,BIG,2026-09-05 19:55:30
20260905100052392,5,BIG,2026-09-05 19:55:59
20260905100052393,2,SMALL,2026-09-05 19:56:28
20260905100052394,7,BIG,2026-09-05 19:56:57
20260905100052395,6,BIG,2026-09-05 19:57:35
20260905100052396,8,BIG,2026-09-05 19:57:59
20260905100052397,8,BIG,2026-09-05 19:58:28
20260905100052398,4,SMALL,2026-09-05 19:59:02
20260905100052399,6,BIG,2026-09-05 19:59:31
20260905100052400,6,BIG,2026-09-05 20:00:00
20260905100052401,3,SMALL,2026-09-05 20:00:29
20260905100052402,6,BIG,2026-09-05 20:00:58
20260905100052403,8,BIG,2026-09-05 20:01:28
20260905100052404,1,SMALL,2026-09-05 20:02:02
20260905100052405,8,BIG,2026-09-05 20:02:31
20260905100052406,6,BIG,2026-09-05 20:03:00
20260905100052407,8,BIG,2026-09-05 20:03:29
20260905100052408,3,SMALL,2026-09-05 20:03:59
20260905100052409,2,SMALL,2026-09-05 20:04:32
20260905100052410,6,BIG,2026-09-05 20:05:01
20260905100052411,0,SMALL,2026-09-05 20:05:30
20260905100052412,0,SMALL,2026-09-05 20:05:59
20260905100052413,2,SMALL,2026-09-05 20:06:28
20260905100052414,7,BIG,2026-09-05 20:06:57
20260905100052415,2,SMALL,2026-09-05 20:07:31
20260905100052416,6,BIG,2026-09-05 20:08:00
20260905100052417,9,BIG,2026-09-05 20:08:29
20260905100052418,1,SMALL,2026-09-05 20:08:59
20260905100052419,5,BIG,2026-09-05 20:09:28
20260905100052420,4,SMALL,2026-09-05 20:10:02
20260905100052421,6,BIG,2026-09-05 20:10:31
20260905100052422,8,BIG,2026-09-05 20:11:00
20260905100052423,9,BIG,2026-09-05 20:11:29
20260905100052424,7,BIG,2026-09-05 20:11:58
20260905100052425,9,BIG,2026-09-05 20:12:31
20260905100052426,3,SMALL,2026-09-05 20:13:00
20260905100052427,7,BIG,2026-09-05 20:13:29
20260905100052428,6,BIG,2026-09-05 20:13:59
20260905100052429,2,SMALL,2026-09-05 20:14:28
20260905100052430,5,BIG,2026-09-05 20:15:01
20260905100052431,1,SMALL,2026-09-05 20:15:30
20260905100052432,4,SMALL,2026-09-05 20:15:59
20260905100052433,6,BIG,2026-09-05 20:16:27
20260905100052434,3,SMALL,2026-09-05 20:16:57
20260905100052435,9,BIG,2026-09-05 20:17:31
20260905100052436,4,SMALL,2026-09-05 20:18:00
20260905100052437,4,SMALL,2026-09-05 20:18:29
20260905100052438,1,SMALL,2026-09-05 20:18:58
20260905100052439,0,SMALL,2026-09-05 20:19:27
20260905100052440,8,BIG,2026-09-05 20:20:01
20260905100052441,9,BIG,2026-09-05 20:20:30
20260905100052442,5,BIG,2026-09-05 20:20:58
20260905100052443,2,SMALL,2026-09-05 20:21:27
20260905100052444,8,BIG,2026-09-05 20:22:01
20260905100052445,0,SMALL,2026-09-05 20:22:30
20260905100052446,7,BIG,2026-09-05 20:22:59
20260905100052447,2,SMALL,2026-09-05 20:23:28
20260905100052448,4,SMALL,2026-09-05 20:23:58
20260905100052449,0,SMALL,2026-09-05 20:24:31
20260905100052450,2,SMALL,2026-09-05 20:25:01
20260905100052451,3,SMALL,2026-09-05 20:25:30
20260905100052452,9,BIG,2026-09-05 20:25:59
20260905100052453,0,SMALL,2026-09-05 20:26:28
20260905100052454,2,SMALL,2026-09-05 20:27:01
20260905100052455,7,BIG,2026-09-05 20:27:30
20260905100052456,9,BIG,2026-09-05 20:27:59
20260905100052457,2,SMALL,2026-09-05 20:28:28
20260905100052458,2,SMALL,2026-09-05 20:28:57
20260905100052459,3,SMALL,2026-09-05 20:29:31
20260905100052460,6,BIG,2026-09-05 20:30:00
20260905100052461,6,BIG,2026-09-05 20:30:29
20260905100052462,4,SMALL,2026-09-05 20:30:58
20260905100052463,6,BIG,2026-09-05 20:31:27
20260905100052464,0,SMALL,2026-09-05 20:32:01
20260905100052465,0,SMALL,2026-09-05 20:32:30
20260905100052466,8,BIG,2026-09-05 20:32:58
20260905100052467,1,SMALL,2026-09-05 20:33:28
20260905100052468,0,SMALL,2026-09-05 20:34:00
20260905100052469,5,BIG,2026-09-05 20:34:30
20260905100052470,6,BIG,2026-09-05 20:34:59
20260905100052471,6,BIG,2026-09-05 20:35:28
20260905100052472,3,SMALL,2026-09-05 20:35:57
20260905100052473,6,BIG,2026-09-05 20:36:31
20260905100052474,6,BIG,2026-09-05 20:36:59
20260905100052475,2,SMALL,2026-09-05 20:37:29
20260905100052476,8,BIG,2026-09-05 20:37:58
20260905100052477,8,BIG,2026-09-05 20:38:27
20260905100052478,4,SMALL,2026-09-05 20:39:01
20260905100052479,5,BIG,2026-09-05 20:39:30
20260905100052480,2,SMALL,2026-09-05 20:40:00
20260905100052481,6,BIG,2026-09-05 20:40:29
20260905100052482,6,BIG,2026-09-05 20:40:58
20260905100052483,4,SMALL,2026-09-05 20:41:27
20260905100052484,6,BIG,2026-09-05 20:42:01
20260905100052485,2,SMALL,2026-09-05 20:42:30
20260905100052486,6,BIG,2026-09-05 20:42:59
20260905100052487,6,BIG,2026-09-05 20:43:28
20260905100052488,6,BIG,2026-09-05 20:43:58
20260905100052489,5,BIG,2026-09-05 20:44:32
20260905100052490,0,SMALL,2026-09-05 20:45:01
20260905100052491,2,SMALL,2026-09-05 20:45:30
20260905100052492,7,BIG,2026-09-05 20:45:59
20260905100052493,0,SMALL,2026-09-05 20:46:28
20260905100052494,2,SMALL,2026-09-05 20:46:57
20260905100052495,6,BIG,2026-09-05 20:47:31
20260905100052496,7,BIG,2026-09-05 20:48:00
20260905100052497,3,SMALL,2026-09-05 20:48:29
20260905100052498,9,BIG,2026-09-05 20:48:58
20260905100052499,8,BIG,2026-09-05 20:49:27
20260905100052500,2,SMALL,2026-09-05 20:50:00
20260905100052501,8,BIG,2026-09-05 20:50:29
20260905100052502,6,BIG,2026-09-05 20:50:58
20260905100052503,9,BIG,2026-09-05 20:51:28
20260905100052504,5,BIG,2026-09-05 20:52:01
20260905100052505,5,BIG,2026-09-05 20:52:31
20260905100052506,9,BIG,2026-09-05 20:53:00
20260905100052507,8,BIG,2026-09-05 20:53:29
20260905100052508,4,SMALL,2026-09-05 20:53:58
20260905100052509,6,BIG,2026-09-05 20:54:27
20260905100052510,9,BIG,2026-09-05 20:55:01
20260905100052511,1,SMALL,2026-09-05 20:55:30
20260905100052512,7,BIG,2026-09-05 20:55:59
20260905100052513,1,SMALL,2026-09-05 20:56:28
20260905100052514,5,BIG,2026-09-05 20:56:57
20260905100052515,4,SMALL,2026-09-05 20:57:31
20260905100052516,0,SMALL,2026-09-05 20:58:00
20260905100052517,7,BIG,2026-09-05 20:58:29
20260905100052518,8,BIG,2026-09-05 20:58:58
20260905100052519,9,BIG,2026-09-05 20:59:31
20260905100052520,7,BIG,2026-09-05 21:00:00
20260905100052521,8,BIG,2026-09-05 21:00:29
20260905100052522,1,SMALL,2026-09-05 21:00:58
20260905100052523,8,BIG,2026-09-05 21:01:27
20260905100052524,1,SMALL,2026-09-05 21:02:01
20260905100052525,5,BIG,2026-09-05 21:02:30
20260905100052526,4,SMALL,2026-09-05 21:02:59
20260905100052527,5,BIG,2026-09-05 21:03:28
20260905100052528,8,BIG,2026-09-05 21:03:57
20260905100052529,5,BIG,2026-09-05 21:04:31
20260905100052530,6,BIG,2026-09-05 21:05:00
20260905100052531,0,SMALL,2026-09-05 21:05:29
20260905100052532,7,BIG,2026-09-05 21:05:58
20260905100052533,2,SMALL,2026-09-05 21:06:28
20260905100052534,6,BIG,2026-09-05 21:07:01
20260905100052535,9,BIG,2026-09-05 21:07:30
20260905100052536,7,BIG,2026-09-05 21:07:59
20260905100052537,0,SMALL,2026-09-05 21:08:28
20260905100052538,5,BIG,2026-09-05 21:08:58
20260905100052539,8,BIG,2026-09-05 21:09:27
20260905100052540,6,BIG,2026-09-05 21:10:01
20260905100052541,3,SMALL,2026-09-05 21:10:30
20260905100052542,4,SMALL,2026-09-05 21:10:59
20260905100052543,7,BIG,2026-09-05 21:11:28
20260905100052544,2,SMALL,2026-09-05 21:12:01
20260905100052545,9,BIG,2026-09-05 21:12:31
20260905100052546,5,BIG,2026-09-05 21:13:00
20260905100052547,6,BIG,2026-09-05 21:13:29
20260905100052548,1,SMALL,2026-09-05 21:13:57
20260905100052549,1,SMALL,2026-09-05 21:14:31
20260905100052550,3,SMALL,2026-09-05 21:15:00
20260905100052551,5,BIG,2026-09-05 21:15:29
20260905100052552,0,SMALL,2026-09-05 21:15:58
20260905100052553,0,SMALL,2026-09-05 21:16:28
20260905100052554,2,SMALL,2026-09-05 21:17:01
20260905100052555,2,SMALL,2026-09-05 21:17:31
20260905100052556,0,SMALL,2026-09-05 21:18:00
20260905100052557,8,BIG,2026-09-05 21:18:29
20260905100052558,0,SMALL,2026-09-05 21:18:58
20260905100052559,6,BIG,2026-09-05 21:19:27
20260905100052560,1,SMALL,2026-09-05 21:20:01
20260905100052561,5,BIG,2026-09-05 21:20:30
20260905100052562,6,BIG,2026-09-05 21:21:00
20260905100052563,2,SMALL,2026-09-05 21:21:29
20260905100052564,0,SMALL,2026-09-05 21:21:58
20260905100052565,7,BIG,2026-09-05 21:22:27
20260905100052566,0,SMALL,2026-09-05 21:23:01
20260905100052567,4,SMALL,2026-09-05 21:23:30
20260905100052568,2,SMALL,2026-09-05 21:24:00
20260905100052569,8,BIG,2026-09-05 21:24:29
20260905100052570,9,BIG,2026-09-05 21:24:58
20260905100052571,7,BIG,2026-09-05 21:25:28
20260905100052572,5,BIG,2026-09-05 21:25:58
20260905100052573,9,BIG,2026-09-05 21:26:32
20260905100052574,5,BIG,2026-09-05 21:27:00
20260905100052575,5,BIG,2026-09-05 21:27:29
20260905100052576,1,SMALL,2026-09-05 21:27:58
20260905100052577,8,BIG,2026-09-05 21:28:28
20260905100052578,8,BIG,2026-09-05 21:29:01
20260905100052579,4,SMALL,2026-09-05 21:29:31
20260905100052580,5,BIG,2026-09-05 21:30:01
20260905100052581,0,SMALL,2026-09-05 21:30:30
20260905100052582,4,SMALL,2026-09-05 21:31:03
20260905100052583,8,BIG,2026-09-05 21:31:28
20260905100052584,2,SMALL,2026-09-05 21:31:57
20260905100052585,4,SMALL,2026-09-05 21:32:31
20260905100052586,0,SMALL,2026-09-05 21:33:00
20260905100052587,6,BIG,2026-09-05 21:33:29
20260905100052588,0,SMALL,2026-09-05 21:33:59
20260905100052589,3,SMALL,2026-09-05 21:34:29
20260905100052590,6,BIG,2026-09-05 21:34:58
20260905100052591,1,SMALL,2026-09-05 21:35:31
20260905100052592,8,BIG,2026-09-05 21:36:01
20260905100052593,7,BIG,2026-09-05 21:36:30
20260905100052594,0,SMALL,2026-09-05 21:36:59
20260905100052595,6,BIG,2026-09-05 21:37:28
20260905100052596,5,BIG,2026-09-05 21:37:57
20260905100052597,7,BIG,2026-09-05 21:38:31
20260905100052598,1,SMALL,2026-09-05 21:39:00
20260905100052599,4,SMALL,2026-09-05 21:39:29
20260905100052600,3,SMALL,2026-09-05 21:39:58
20260905100052601,3,SMALL,2026-09-05 21:40:27
20260905100052602,4,SMALL,2026-09-05 21:41:01
20260905100052603,8,BIG,2026-09-05 21:41:30
20260905100052604,0,SMALL,2026-09-05 21:41:59
20260905100052605,5,BIG,2026-09-05 21:42:29
20260905100052606,9,BIG,2026-09-05 21:42:58
20260905100052607,0,SMALL,2026-09-05 21:43:31
20260905100052608,2,SMALL,2026-09-05 21:44:00
20260905100052609,8,BIG,2026-09-05 21:44:29
20260905100052610,4,SMALL,2026-09-05 21:44:59
20260905100052611,9,BIG,2026-09-05 21:45:28
20260905100052612,6,BIG,2026-09-05 21:46:01
20260905100052613,0,SMALL,2026-09-05 21:46:31
20260905100052614,7,BIG,2026-09-05 21:47:00
20260905100052615,4,SMALL,2026-09-05 21:47:29
20260905100052616,8,BIG,2026-09-05 21:47:58
20260905100052617,6,BIG,2026-09-05 21:48:27
20260905100052618,3,SMALL,2026-09-05 21:49:01
20260905100052619,3,SMALL,2026-09-05 21:49:30
20260905100052620,1,SMALL,2026-09-05 21:49:59
20260905100052621,4,SMALL,2026-09-05 21:50:28
20260905100052622,0,SMALL,2026-09-05 21:50:58
20260905100052623,5,BIG,2026-09-05 21:51:31
20260905100052624,1,SMALL,2026-09-05 21:52:00
20260905100052625,8,BIG,2026-09-05 21:52:30
20260905100052626,5,BIG,2026-09-05 21:52:59
20260905100052627,7,BIG,2026-09-05 21:53:28
20260905100052628,0,SMALL,2026-09-05 21:54:02
20260905100052629,9,BIG,2026-09-05 21:54:31
20260905100052630,1,SMALL,2026-09-05 21:55:00
20260905100052631,8,BIG,2026-09-05 21:55:29
20260905100052632,6,BIG,2026-09-05 21:55:58
20260905100052633,8,BIG,2026-09-05 21:56:27
20260905100052634,5,BIG,2026-09-05 21:57:01
20260905100052635,3,SMALL,2026-09-05 21:57:30
20260905100052636,6,BIG,2026-09-05 21:57:59
20260905100052637,8,BIG,2026-09-05 21:58:28
20260905100052638,2,SMALL,2026-09-05 21:58:58
20260905100052639,1,SMALL,2026-09-05 21:59:31
20260905100052640,9,BIG,2026-09-05 22:00:01
20260905100052641,8,BIG,2026-09-05 22:00:30
20260905100052642,7,BIG,2026-09-05 22:01:00
20260905100052643,9,BIG,2026-09-05 22:01:29
20260905100052644,4,SMALL,2026-09-05 22:01:58
20260905100052645,7,BIG,2026-09-05 22:02:27
20260905100052646,0,SMALL,2026-09-05 22:03:01
20260905100052647,8,BIG,2026-09-05 22:03:30
20260905100052648,7,BIG,2026-09-05 22:03:59
20260905100052649,4,SMALL,2026-09-05 22:04:29
20260905100052650,3,SMALL,2026-09-05 22:04:58
20260905100052651,2,SMALL,2026-09-05 22:05:31
20260905100052652,6,BIG,2026-09-05 22:06:01
20260905100052653,1,SMALL,2026-09-05 22:06:30
20260905100052654,6,BIG,2026-09-05 22:06:59
20260905100052655,5,BIG,2026-09-05 22:07:28
20260905100052656,5,BIG,2026-09-05 22:07:58
20260905100052657,4,SMALL,2026-09-05 22:08:32
20260905100052658,8,BIG,2026-09-05 22:09:01
20260905100052659,4,SMALL,2026-09-05 22:09:30
20260905100052660,3,SMALL,2026-09-05 22:10:00
20260905100052661,6,BIG,2026-09-05 22:10:29
20260905100052662,4,SMALL,2026-09-05 22:10:58
20260905100052663,0,SMALL,2026-09-05 22:11:27
20260905100052664,6,BIG,2026-09-05 22:12:01
20260905100052665,5,BIG,2026-09-05 22:12:30
20260905100052666,3,SMALL,2026-09-05 22:12:59
20260905100052667,2,SMALL,2026-09-05 22:13:28
20260905100052668,5,BIG,2026-09-05 22:14:02
20260905100052669,6,BIG,2026-09-05 22:14:31
20260905100052670,9,BIG,2026-09-05 22:15:00
20260905100052671,7,BIG,2026-09-05 22:15:29
20260905100052672,9,BIG,2026-09-05 22:15:58
20260905100052673,4,SMALL,2026-09-05 22:16:28
20260905100052674,9,BIG,2026-09-05 22:17:01
20260905100052675,9,BIG,2026-09-05 22:17:30
20260905100052676,3,SMALL,2026-09-05 22:18:00
20260905100052677,7,BIG,2026-09-05 22:18:29
20260905100052678,8,BIG,2026-09-05 22:18:58
20260905100052679,8,BIG,2026-09-05 22:19:31
20260905100052680,3,SMALL,2026-09-05 22:20:01
20260905100052681,6,BIG,2026-09-05 22:20:30
20260905100052682,1,SMALL,2026-09-05 22:20:59
20260905100052683,8,BIG,2026-09-05 22:21:28
20260905100052684,1,SMALL,2026-09-05 22:21:57
20260905100052685,5,BIG,2026-09-05 22:22:31
20260905100052686,5,BIG,2026-09-05 22:23:01
20260905100052687,5,BIG,2026-09-05 22:23:30
20260905100052688,8,BIG,2026-09-05 22:23:59
20260905100052689,7,BIG,2026-09-05 22:24:28
20260905100052690,2,SMALL,2026-09-05 22:24:58
20260905100052691,6,BIG,2026-09-05 22:25:31
20260905100052692,0,SMALL,2026-09-05 22:26:00
20260905100052693,8,BIG,2026-09-05 22:26:30
20260905100052694,3,SMALL,2026-09-05 22:26:59
20260905100052695,2,SMALL,2026-09-05 22:27:28
20260905100052696,7,BIG,2026-09-05 22:27:57
20260905100052697,2,SMALL,2026-09-05 22:28:30
20260905100052698,0,SMALL,2026-09-05 22:28:59
20260905100052699,7,BIG,2026-09-05 22:29:28
20260905100052700,6,BIG,2026-09-05 22:29:57
20260905100052701,4,SMALL,2026-09-05 22:30:31
20260905100052702,3,SMALL,2026-09-05 22:31:00
20260905100052703,7,BIG,2026-09-05 22:31:29
20260905100052704,0,SMALL,2026-09-05 22:31:58
20260905100052705,3,SMALL,2026-09-05 22:32:27
20260905100052706,9,BIG,2026-09-05 22:33:01
20260905100052707,6,BIG,2026-09-05 22:33:30
20260905100052708,6,BIG,2026-09-05 22:34:00
20260905100052709,4,SMALL,2026-09-05 22:34:29
20260905100052710,0,SMALL,2026-09-05 22:34:58
20260905100052711,5,BIG,2026-09-05 22:35:32
20260905100052712,3,SMALL,2026-09-05 22:36:01
20260905100052713,4,SMALL,2026-09-05 22:36:30
20260905100052714,2,SMALL,2026-09-05 22:36:59
20260905100052715,8,BIG,2026-09-05 22:37:28
20260905100052716,0,SMALL,2026-09-05 22:37:57
20260905100052717,9,BIG,2026-09-05 22:38:31
20260905100052718,1,SMALL,2026-09-05 22:39:01
20260905100052719,9,BIG,2026-09-05 22:39:30
20260905100052720,5,BIG,2026-09-05 22:39:59
20260905100052721,8,BIG,2026-09-05 22:40:28
20260905100052722,2,SMALL,2026-09-05 22:40:57
20260905100052723,0,SMALL,2026-09-05 22:41:31
20260905100052724,3,SMALL,2026-09-05 22:42:00
20260905100052725,3,SMALL,2026-09-05 22:42:29
20260905100052726,9,BIG,2026-09-05 22:42:58
20260905100052727,5,BIG,2026-09-05 22:43:27
20260905100052728,9,BIG,2026-09-05 22:44:01
20260905100052729,7,BIG,2026-09-05 22:44:30
20260905100052730,6,BIG,2026-09-05 22:44:59
20260905100052731,6,BIG,2026-09-05 22:45:29
20260905100052732,8,BIG,2026-09-05 22:45:58
20260905100052733,3,SMALL,2026-09-05 22:46:27
20260905100052734,9,BIG,2026-09-05 22:47:01
20260905100052735,8,BIG,2026-09-05 22:47:30
20260905100052736,5,BIG,2026-09-05 22:47:59
20260905100052737,5,BIG,2026-09-05 22:48:28
20260905100052738,1,SMALL,2026-09-05 22:48:57
20260905100052739,4,SMALL,2026-09-05 22:49:31
20260905100052740,7,BIG,2026-09-05 22:50:00
20260905100052741,6,BIG,2026-09-05 22:50:29
20260905100052742,9,BIG,2026-09-05 22:50:59
20260905100052743,4,SMALL,2026-09-05 22:51:32
20260905100052744,3,SMALL,2026-09-05 22:52:01
20260905100052745,4,SMALL,2026-09-05 22:52:30
20260905100052746,6,BIG,2026-09-05 22:52:59
20260905100052747,8,BIG,2026-09-05 22:53:29
20260905100052748,6,BIG,2026-09-05 22:53:57
20260905100052749,5,BIG,2026-09-05 22:54:31
20260905100052750,1,SMALL,2026-09-05 22:55:00
20260905100052751,2,SMALL,2026-09-05 22:55:29
20260905100052752,3,SMALL,2026-09-05 22:55:57
20260905100052753,8,BIG,2026-09-05 22:56:27
20260905100052754,1,SMALL,2026-09-05 22:57:01
20260905100052755,0,SMALL,2026-09-05 22:57:30
20260905100052756,2,SMALL,2026-09-05 22:57:59
20260905100052757,8,BIG,2026-09-05 22:58:28
20260905100052758,5,BIG,2026-09-05 22:58:57
20260905100052759,6,BIG,2026-09-05 22:59:31
20260905100052760,5,BIG,2026-09-05 23:00:00
20260905100052761,3,SMALL,2026-09-05 23:00:29
20260905100052762,7,BIG,2026-09-05 23:00:59
20260905100052763,7,BIG,2026-09-05 23:01:27
20260905100052764,1,SMALL,2026-09-05 23:02:00
20260905100052765,0,SMALL,2026-09-05 23:02:29
20260905100052766,0,SMALL,2026-09-05 23:02:58
20260905100052767,4,SMALL,2026-09-05 23:03:28
20260905100052768,8,BIG,2026-09-05 23:04:02
20260905100052769,6,BIG,2026-09-05 23:04:31
20260905100052770,1,SMALL,2026-09-05 23:05:00
20260905100052771,0,SMALL,2026-09-05 23:05:29
20260905100052772,2,SMALL,2026-09-05 23:05:58
20260905100052773,6,BIG,2026-09-05 23:06:28
20260905100052774,4,SMALL,2026-09-05 23:07:01
20260905100052775,7,BIG,2026-09-05 23:07:31
20260905100052776,7,BIG,2026-09-05 23:08:00
20260905100052777,9,BIG,2026-09-05 23:08:29
20260905100052778,5,BIG,2026-09-05 23:08:58
20260905100052779,4,SMALL,2026-09-05 23:09:27
20260905100052780,6,BIG,2026-09-05 23:10:01
20260905100052781,8,BIG,2026-09-05 23:10:30
20260905100052782,8,BIG,2026-09-05 23:10:59
20260905100052783,8,BIG,2026-09-05 23:11:29
20260905100052784,5,BIG,2026-09-05 23:11:58
20260905100052785,9,BIG,2026-09-05 23:12:27
20260905100052786,6,BIG,2026-09-05 23:13:01
20260905100052787,5,BIG,2026-09-05 23:13:30
20260905100052788,9,BIG,2026-09-05 23:13:59
20260905100052789,1,SMALL,2026-09-05 23:14:29
20260905100052790,6,BIG,2026-09-05 23:14:58
20260905100052791,9,BIG,2026-09-05 23:15:27
20260905100052792,8,BIG,2026-09-05 23:16:01
20260905100052793,0,SMALL,2026-09-05 23:16:30
20260905100052794,6,BIG,2026-09-05 23:16:59
20260905100052795,7,BIG,2026-09-05 23:17:28
20260905100052796,4,SMALL,2026-09-05 23:17:57
20260905100052797,6,BIG,2026-09-05 23:18:30
20260905100052798,3,SMALL,2026-09-05 23:19:00
20260905100052799,4,SMALL,2026-09-05 23:19:29
20260905100052800,4,SMALL,2026-09-05 23:19:57
20260905100052801,6,BIG,2026-09-05 23:20:31
20260905100052802,2,SMALL,2026-09-05 23:21:00
20260905100052803,6,BIG,2026-09-05 23:21:29
20260905100052804,7,BIG,2026-09-05 23:21:58
20260905100052805,1,SMALL,2026-09-05 23:22:27
20260905100052806,5,BIG,2026-09-05 23:23:01
20260905100052807,4,SMALL,2026-09-05 23:23:30
20260905100052808,8,BIG,2026-09-05 23:23:59
20260905100052809,3,SMALL,2026-09-05 23:24:28
20260905100052810,8,BIG,2026-09-05 23:24:57
20260905100052811,8,BIG,2026-09-05 23:25:31
20260905100052812,0,SMALL,2026-09-05 23:26:00
20260905100052813,0,SMALL,2026-09-05 23:26:29
20260905100052814,7,BIG,2026-09-05 23:26:58
20260905100052815,9,BIG,2026-09-05 23:27:31
20260905100052816,6,BIG,2026-09-05 23:28:00
20260905100052817,6,BIG,2026-09-05 23:28:29
20260905100052818,5,BIG,2026-09-05 23:28:58
20260905100052819,9,BIG,2026-09-05 23:29:31
20260905100052820,6,BIG,2026-09-05 23:30:01
20260905100052821,8,BIG,2026-09-05 23:30:30
20260905100052822,0,SMALL,2026-09-05 23:30:59
20260905100052823,4,SMALL,2026-09-05 23:31:28
20260905100052824,5,BIG,2026-09-05 23:32:02
20260905100052825,8,BIG,2026-09-05 23:32:31
20260905100052826,1,SMALL,2026-09-05 23:33:00
20260905100052827,9,BIG,2026-09-05 23:33:29
20260905100052828,6,BIG,2026-09-05 23:33:58
20260905100052829,8,BIG,2026-09-05 23:34:27
20260905100052830,2,SMALL,2026-09-05 23:35:01
20260905100052831,6,BIG,2026-09-05 23:35:30
20260905100052832,0,SMALL,2026-09-05 23:35:59
20260905100052833,4,SMALL,2026-09-05 23:36:28
20260905100052834,1,SMALL,2026-09-05 23:36:57
20260905100052835,1,SMALL,2026-09-05 23:37:31
20260905100052836,1,SMALL,2026-09-05 23:38:00
20260905100052837,9,BIG,2026-09-05 23:38:29
20260905100052838,1,SMALL,2026-09-05 23:38:58
20260905100052839,4,SMALL,2026-09-05 23:39:27
20260905100052840,1,SMALL,2026-09-05 23:40:02
20260905100052841,4,SMALL,2026-09-05 23:40:31
20260905100052842,6,BIG,2026-09-05 23:41:00
20260905100052843,3,SMALL,2026-09-05 23:41:29
20260905100052844,4,SMALL,2026-09-05 23:41:58
20260905100052845,9,BIG,2026-09-05 23:42:27
20260905100052846,9,BIG,2026-09-05 23:43:01
20260905100052847,4,SMALL,2026-09-05 23:43:30
20260905100052848,8,BIG,2026-09-05 23:43:59
20260905100052849,6,BIG,2026-09-05 23:44:29
20260905100052850,4,SMALL,2026-09-05 23:44:58
20260905100052851,9,BIG,2026-09-05 23:45:27
20260905100052852,2,SMALL,2026-09-05 23:46:01
20260905100052853,8,BIG,2026-09-05 23:46:30
20260905100052854,0,SMALL,2026-09-05 23:46:59
20260905100052855,0,SMALL,2026-09-05 23:47:28
20260905100052856,8,BIG,2026-09-05 23:47:57
20260905100052857,9,BIG,2026-09-05 23:48:31
20260905100052858,0,SMALL,2026-09-05 23:49:00
20260905100052859,6,BIG,2026-09-05 23:49:29
20260905100052860,1,SMALL,2026-09-05 23:49:58
20260905100052861,7,BIG,2026-09-05 23:50:27
20260905100052862,1,SMALL,2026-09-05 23:51:01
20260905100052863,3,SMALL,2026-09-05 23:51:29
20260905100052864,4,SMALL,2026-09-05 23:51:59
20260905100052865,5,BIG,2026-09-05 23:52:28
20260905100052866,1,SMALL,2026-09-05 23:53:01
20260905100052867,9,BIG,2026-09-05 23:53:30
20260905100052868,6,BIG,2026-09-05 23:53:59
20260905100052869,1,SMALL,2026-09-05 23:54:28
20260905100052870,2,SMALL,2026-09-05 23:54:58
20260905100052871,2,SMALL,2026-09-05 23:55:31
20260905100052872,3,SMALL,2026-09-05 23:56:00
20260905100052873,5,BIG,2026-09-05 23:56:29
20260905100052874,2,SMALL,2026-09-05 23:56:58
20260905100052875,9,BIG,2026-09-05 23:57:32
20260905100052876,5,BIG,2026-09-05 23:58:01
20260905100052877,3,SMALL,2026-09-05 23:58:30
20260905100052878,5,BIG,2026-09-05 23:58:59
20260905100052879,5,BIG,2026-09-05 23:59:28
20260905100052880,7,BIG,2026-09-05 23:59:57
20260906100050001,8,BIG,2026-09-06 00:00:31
20260906100050002,9,BIG,2026-09-06 00:01:00
20260906100050003,2,SMALL,2026-09-06 00:01:29
20260906100050004,0,SMALL,2026-09-06 00:01:58
20260906100050005,5,BIG,2026-09-06 00:02:29
20260906100050006,3,SMALL,2026-09-06 00:02:58
20260906100050007,1,SMALL,2026-09-06 00:03:31
20260906100050008,7,BIG,2026-09-06 00:04:00
20260906100050009,9,BIG,2026-09-06 00:04:29
20260906100050010,1,SMALL,2026-09-06 00:04:58
20260906100050011,2,SMALL,2026-09-06 00:05:27
20260906100050012,9,BIG,2026-09-06 00:06:01
20260906100050013,7,BIG,2026-09-06 00:06:30
20260906100050014,7,BIG,2026-09-06 00:06:59
20260906100050015,6,BIG,2026-09-06 00:07:27
20260906100050016,3,SMALL,2026-09-06 00:08:01
20260906100050017,3,SMALL,2026-09-06 00:08:30
20260906100050018,5,BIG,2026-09-06 00:08:59
20260906100050019,6,BIG,2026-09-06 00:09:28
20260906100050020,8,BIG,2026-09-06 00:09:57
20260906100050021,6,BIG,2026-09-06 00:10:30
20260906100050022,4,SMALL,2026-09-06 00:11:00
20260906100050023,4,SMALL,2026-09-06 00:11:29
20260906100050024,9,BIG,2026-09-06 00:11:58
20260906100050025,2,SMALL,2026-09-06 00:12:32
20260906100050026,2,SMALL,2026-09-06 00:13:01
20260906100050027,6,BIG,2026-09-06 00:13:30
20260906100050028,0,SMALL,2026-09-06 00:13:59
20260906100050029,3,SMALL,2026-09-06 00:14:28
20260906100050030,7,BIG,2026-09-06 00:15:01
20260906100050031,6,BIG,2026-09-06 00:15:30
20260906100050032,2,SMALL,2026-09-06 00:15:59
20260906100050033,5,BIG,2026-09-06 00:16:28
20260906100050034,5,BIG,2026-09-06 00:16:57
20260906100050035,6,BIG,2026-09-06 00:17:31
20260906100050036,3,SMALL,2026-09-06 00:18:00
20260906100050037,5,BIG,2026-09-06 00:18:29
20260906100050038,3,SMALL,2026-09-06 00:18:59
20260906100050039,2,SMALL,2026-09-06 00:19:28
20260906100050040,1,SMALL,2026-09-06 00:19:57
20260906100050041,8,BIG,2026-09-06 00:20:31
20260906100050042,7,BIG,2026-09-06 00:21:00
20260906100050043,9,BIG,2026-09-06 00:21:29
20260906100050044,4,SMALL,2026-09-06 00:22:00
20260906100050045,9,BIG,2026-09-06 00:22:29
20260906100050046,7,BIG,2026-09-06 00:22:58
20260906100050047,9,BIG,2026-09-06 00:23:27
20260906100050048,3,SMALL,2026-09-06 00:24:01
20260906100050049,9,BIG,2026-09-06 00:24:30
20260906100050050,5,BIG,2026-09-06 00:24:59
20260906100050051,5,BIG,2026-09-06 00:25:28
20260906100050052,2,SMALL,2026-09-06 00:25:57
20260906100050053,0,SMALL,2026-09-06 00:26:31
20260906100050054,4,SMALL,2026-09-06 00:27:00
20260906100050055,1,SMALL,2026-09-06 00:27:29
20260906100050056,2,SMALL,2026-09-06 00:27:58
20260906100050057,1,SMALL,2026-09-06 00:28:28
20260906100050058,9,BIG,2026-09-06 00:29:01
20260906100050059,4,SMALL,2026-09-06 00:29:30
20260906100050060,2,SMALL,2026-09-06 00:30:00
20260906100050061,2,SMALL,2026-09-06 00:30:29
20260906100050062,8,BIG,2026-09-06 00:30:58
20260906100050063,2,SMALL,2026-09-06 00:31:32
20260906100050064,5,BIG,2026-09-06 00:32:00
20260906100050065,8,BIG,2026-09-06 00:32:29
20260906100050066,5,BIG,2026-09-06 00:32:59
20260906100050067,3,SMALL,2026-09-06 00:33:28
20260906100050068,4,SMALL,2026-09-06 00:34:01
20260906100050069,0,SMALL,2026-09-06 00:34:30
20260906100050070,1,SMALL,2026-09-06 00:35:00
20260906100050071,5,BIG,2026-09-06 00:35:29
20260906100050072,2,SMALL,2026-09-06 00:35:58
20260906100050073,0,SMALL,2026-09-06 00:36:31
20260906100050074,5,BIG,2026-09-06 00:37:01
20260906100050075,8,BIG,2026-09-06 00:37:30
20260906100050076,1,SMALL,2026-09-06 00:37:59
20260906100050077,7,BIG,2026-09-06 00:38:28
20260906100050078,2,SMALL,2026-09-06 00:38:57
20260906100050079,0,SMALL,2026-09-06 00:39:30
20260906100050080,4,SMALL,2026-09-06 00:39:59
20260906100050081,0,SMALL,2026-09-06 00:40:28
20260906100050082,7,BIG,2026-09-06 00:40:57
20260906100050083,4,SMALL,2026-09-06 00:41:31
20260906100050084,7,BIG,2026-09-06 00:42:01
20260906100050085,9,BIG,2026-09-06 00:42:30
20260906100050086,0,SMALL,2026-09-06 00:43:00
20260906100050087,5,BIG,2026-09-06 00:43:30
20260906100050088,0,SMALL,2026-09-06 00:43:59
20260906100050089,3,SMALL,2026-09-06 00:44:28
20260906100050090,7,BIG,2026-09-06 00:44:57
20260906100050091,0,SMALL,2026-09-06 00:45:31
20260906100050092,2,SMALL,2026-09-06 00:46:00
20260906100050093,2,SMALL,2026-09-06 00:46:29
20260906100050094,5,BIG,2026-09-06 00:46:58
20260906100050095,4,SMALL,2026-09-06 00:47:28
20260906100050096,6,BIG,2026-09-06 00:48:02
20260906100050097,8,BIG,2026-09-06 00:48:31
20260906100050098,0,SMALL,2026-09-06 00:49:00
20260906100050099,8,BIG,2026-09-06 00:49:29
20260906100050100,8,BIG,2026-09-06 00:49:58
20260906100050101,8,BIG,2026-09-06 00:50:28
20260906100050102,9,BIG,2026-09-06 00:51:01
20260906100050103,2,SMALL,2026-09-06 00:51:30
20260906100050104,8,BIG,2026-09-06 00:51:59
20260906100050105,2,SMALL,2026-09-06 00:52:28
20260906100050106,3,SMALL,2026-09-06 00:52:58
20260906100050107,9,BIG,2026-09-06 00:53:31
20260906100050108,4,SMALL,2026-09-06 00:54:01
20260906100050109,7,BIG,2026-09-06 00:54:30
20260906100050110,0,SMALL,2026-09-06 00:54:59
20260906100050111,0,SMALL,2026-09-06 00:55:28
20260906100050112,1,SMALL,2026-09-06 00:56:02
20260906100050113,2,SMALL,2026-09-06 00:56:31
20260906100050114,6,BIG,2026-09-06 00:57:00
20260906100050115,6,BIG,2026-09-06 00:57:29
20260906100050116,4,SMALL,2026-09-06 00:57:58
20260906100050117,2,SMALL,2026-09-06 00:58:27
20260906100050118,2,SMALL,2026-09-06 00:59:01
20260906100050119,4,SMALL,2026-09-06 00:59:30
20260906100050120,6,BIG,2026-09-06 00:59:59
20260906100050121,5,BIG,2026-09-06 01:00:28
20260906100050122,4,SMALL,2026-09-06 01:00:58
20260906100050123,5,BIG,2026-09-06 01:01:31
20260906100050124,9,BIG,2026-09-06 01:02:00
20260906100050125,8,BIG,2026-09-06 01:02:30
20260906100050126,7,BIG,2026-09-06 01:02:59
20260906100050127,9,BIG,2026-09-06 01:03:28
20260906100050128,6,BIG,2026-09-06 01:04:02
20260906100050129,0,SMALL,2026-09-06 01:04:30
20260906100050130,4,SMALL,2026-09-06 01:04:59
20260906100050131,3,SMALL,2026-09-06 01:05:28
20260906100050132,6,BIG,2026-09-06 01:05:57
20260906100050133,2,SMALL,2026-09-06 01:06:31
20260906100050134,4,SMALL,2026-09-06 01:07:00
20260906100050135,8,BIG,2026-09-06 01:07:29
20260906100050136,9,BIG,2026-09-06 01:07:57
20260906100050137,7,BIG,2026-09-06 01:08:31
20260906100050138,9,BIG,2026-09-06 01:09:00
20260906100050139,9,BIG,2026-09-06 01:09:29
20260906100050140,5,BIG,2026-09-06 01:09:59
20260906100050141,6,BIG,2026-09-06 01:10:28
20260906100050142,1,SMALL,2026-09-06 01:11:01
20260906100050143,0,SMALL,2026-09-06 01:11:31
20260906100050144,0,SMALL,2026-09-06 01:11:59
20260906100050145,3,SMALL,2026-09-06 01:12:29
20260906100050146,6,BIG,2026-09-06 01:12:58
20260906100050147,2,SMALL,2026-09-06 01:13:28
20260906100050148,8,BIG,2026-09-06 01:14:01
20260906100050149,2,SMALL,2026-09-06 01:14:31
20260906100050150,2,SMALL,2026-09-06 01:15:00
20260906100050151,4,SMALL,2026-09-06 01:15:29
20260906100050152,1,SMALL,2026-09-06 01:15:58
20260906100050153,1,SMALL,2026-09-06 01:16:32
20260906100050154,0,SMALL,2026-09-06 01:17:00
20260906100050155,0,SMALL,2026-09-06 01:17:29
20260906100050156,3,SMALL,2026-09-06 01:17:58
20260906100050157,7,BIG,2026-09-06 01:18:27
20260906100050158,6,BIG,2026-09-06 01:19:01
20260906100050159,4,SMALL,2026-09-06 01:19:30
20260906100050160,5,BIG,2026-09-06 01:19:59
20260906100050161,2,SMALL,2026-09-06 01:20:28
20260906100050162,5,BIG,2026-09-06 01:20:58
20260906100050163,8,BIG,2026-09-06 01:21:31
20260906100050164,4,SMALL,2026-09-06 01:22:01
20260906100050165,7,BIG,2026-09-06 01:22:30
20260906100050166,5,BIG,2026-09-06 01:22:59
20260906100050167,5,BIG,2026-09-06 01:23:28
20260906100050168,7,BIG,2026-09-06 01:24:01
20260906100050169,7,BIG,2026-09-06 01:24:30
20260906100050170,8,BIG,2026-09-06 01:25:00
20260906100050171,2,SMALL,2026-09-06 01:25:29
20260906100050172,8,BIG,2026-09-06 01:25:59
20260906100050173,5,BIG,2026-09-06 01:26:28
20260906100050174,0,SMALL,2026-09-06 01:27:02
20260906100050175,3,SMALL,2026-09-06 01:27:31
20260906100050176,7,BIG,2026-09-06 01:28:00
20260906100050177,4,SMALL,2026-09-06 01:28:29
20260906100050178,7,BIG,2026-09-06 01:28:58
20260906100050179,4,SMALL,2026-09-06 01:29:27
20260906100050180,7,BIG,2026-09-06 01:30:01
20260906100050181,4,SMALL,2026-09-06 01:30:30
20260906100050182,3,SMALL,2026-09-06 01:30:59
20260906100050183,7,BIG,2026-09-06 01:31:29
20260906100050184,9,BIG,2026-09-06 01:31:58
20260906100050185,7,BIG,2026-09-06 01:32:27
20260906100050186,5,BIG,2026-09-06 01:33:01
20260906100050187,2,SMALL,2026-09-06 01:33:30
20260906100050188,9,BIG,2026-09-06 01:34:00
20260906100050189,8,BIG,2026-09-06 01:34:30
20260906100050190,5,BIG,2026-09-06 01:34:59
20260906100050191,0,SMALL,2026-09-06 01:35:28
20260906100050192,2,SMALL,2026-09-06 01:36:01
20260906100050193,4,SMALL,2026-09-06 01:36:31
20260906100050194,5,BIG,2026-09-06 01:37:00
20260906100050195,7,BIG,2026-09-06 01:37:28
20260906100050196,8,BIG,2026-09-06 01:37:58
20260906100050197,3,SMALL,2026-09-06 01:38:31
20260906100050198,4,SMALL,2026-09-06 01:39:00
20260906100050199,3,SMALL,2026-09-06 01:39:29
20260906100050200,3,SMALL,2026-09-06 01:39:58
20260906100050201,1,SMALL,2026-09-06 01:40:27
20260906100050202,7,BIG,2026-09-06 01:41:01
20260906100050203,2,SMALL,2026-09-06 01:41:31
20260906100050204,9,BIG,2026-09-06 01:42:00
20260906100050205,6,BIG,2026-09-06 01:42:29
20260906100050206,4,SMALL,2026-09-06 01:42:58
20260906100050207,6,BIG,2026-09-06 01:43:27
20260906100050208,7,BIG,2026-09-06 01:44:01
20260906100050209,8,BIG,2026-09-06 01:44:31
20260906100050210,9,BIG,2026-09-06 01:45:00
20260906100050211,7,BIG,2026-09-06 01:45:29
20260906100050212,5,BIG,2026-09-06 01:45:58
20260906100050213,7,BIG,2026-09-06 01:46:28
20260906100050214,4,SMALL,2026-09-06 01:47:01
20260906100050215,4,SMALL,2026-09-06 01:47:31
20260906100050216,3,SMALL,2026-09-06 01:48:00
20260906100050217,5,BIG,2026-09-06 01:48:29
20260906100050218,4,SMALL,2026-09-06 01:48:58
20260906100050219,6,BIG,2026-09-06 01:49:28
20260906100050220,3,SMALL,2026-09-06 01:50:01
20260906100050221,0,SMALL,2026-09-06 01:50:31
20260906100050222,3,SMALL,2026-09-06 01:50:59
20260906100050223,2,SMALL,2026-09-06 01:51:28
20260906100050224,2,SMALL,2026-09-06 01:51:57
20260906100050225,7,BIG,2026-09-06 01:52:31
20260906100050226,7,BIG,2026-09-06 01:53:00
20260906100050227,5,BIG,2026-09-06 01:53:29
20260906100050228,5,BIG,2026-09-06 01:53:58
20260906100050229,8,BIG,2026-09-06 01:54:27
20260906100050230,3,SMALL,2026-09-06 01:55:01
20260906100050231,1,SMALL,2026-09-06 01:55:31
20260906100050232,2,SMALL,2026-09-06 01:56:00
20260906100050233,9,BIG,2026-09-06 01:56:29
20260906100050234,5,BIG,2026-09-06 01:56:58
20260906100050235,1,SMALL,2026-09-06 01:57:28
20260906100050236,5,BIG,2026-09-06 01:57:57
20260906100050237,5,BIG,2026-09-06 01:58:31
20260906100050238,3,SMALL,2026-09-06 01:59:00
20260906100050239,7,BIG,2026-09-06 01:59:29
20260906100050240,9,BIG,2026-09-06 01:59:58
20260906100050241,6,BIG,2026-09-06 02:00:28
20260906100050242,7,BIG,2026-09-06 02:01:02
20260906100050243,8,BIG,2026-09-06 02:01:30
20260906100050244,9,BIG,2026-09-06 02:01:59
20260906100050245,1,SMALL,2026-09-06 02:02:28
20260906100050246,6,BIG,2026-09-06 02:02:57
20260906100050247,0,SMALL,2026-09-06 02:03:32
20260906100050248,1,SMALL,2026-09-06 02:04:01
20260906100050249,8,BIG,2026-09-06 02:04:30
20260906100050250,7,BIG,2026-09-06 02:04:59
20260906100050251,6,BIG,2026-09-06 02:05:28
20260906100050252,2,SMALL,2026-09-06 02:05:58
20260906100050253,4,SMALL,2026-09-06 02:06:32
20260906100050254,7,BIG,2026-09-06 02:07:01
20260906100050255,3,SMALL,2026-09-06 02:07:30
20260906100050256,6,BIG,2026-09-06 02:07:59
20260906100050257,7,BIG,2026-09-06 02:08:29
20260906100050258,1,SMALL,2026-09-06 02:09:02
20260906100050259,2,SMALL,2026-09-06 02:09:31
20260906100050260,8,BIG,2026-09-06 02:10:00
20260906100050261,3,SMALL,2026-09-06 02:10:29
20260906100050262,2,SMALL,2026-09-06 02:10:58
20260906100050263,8,BIG,2026-09-06 02:11:27
20260906100050264,4,SMALL,2026-09-06 02:12:01
20260906100050265,3,SMALL,2026-09-06 02:12:31
20260906100050266,5,BIG,2026-09-06 02:13:00
20260906100050267,3,SMALL,2026-09-06 02:13:29
20260906100050268,4,SMALL,2026-09-06 02:13:58
20260906100050269,6,BIG,2026-09-06 02:14:27
20260906100050270,9,BIG,2026-09-06 02:15:01
20260906100050271,9,BIG,2026-09-06 02:15:30
20260906100050272,9,BIG,2026-09-06 02:15:59
20260906100050273,1,SMALL,2026-09-06 02:16:29
20260906100050274,0,SMALL,2026-09-06 02:16:58
20260906100050275,9,BIG,2026-09-06 02:17:27
20260906100050276,4,SMALL,2026-09-06 02:18:01
20260906100050277,8,BIG,2026-09-06 02:18:30
20260906100050278,2,SMALL,2026-09-06 02:18:59
20260906100050279,9,BIG,2026-09-06 02:19:28
20260906100050280,1,SMALL,2026-09-06 02:20:01
20260906100050281,9,BIG,2026-09-06 02:20:31
20260906100050282,0,SMALL,2026-09-06 02:21:01
20260906100050283,7,BIG,2026-09-06 02:21:30
20260906100050284,1,SMALL,2026-09-06 02:21:59
20260906100050285,6,BIG,2026-09-06 02:22:28
20260906100050286,8,BIG,2026-09-06 02:22:57
20260906100050287,9,BIG,2026-09-06 02:23:31
20260906100050288,4,SMALL,2026-09-06 02:24:00
20260906100050289,5,BIG,2026-09-06 02:24:30
20260906100050290,4,SMALL,2026-09-06 02:24:59
20260906100050291,4,SMALL,2026-09-06 02:25:28
20260906100050292,6,BIG,2026-09-06 02:25:58
20260906100050293,0,SMALL,2026-09-06 02:26:27
20260906100050294,5,BIG,2026-09-06 02:27:01
20260906100050295,9,BIG,2026-09-06 02:27:30
20260906100050296,8,BIG,2026-09-06 02:27:59
20260906100050297,4,SMALL,2026-09-06 02:28:29
20260906100050298,0,SMALL,2026-09-06 02:28:58
20260906100050299,9,BIG,2026-09-06 02:29:32
20260906100050300,2,SMALL,2026-09-06 02:30:01
20260906100050301,5,BIG,2026-09-06 02:30:30
20260906100050302,4,SMALL,2026-09-06 02:30:59
20260906100050303,5,BIG,2026-09-06 02:31:28
20260906100050304,1,SMALL,2026-09-06 02:31:57
20260906100050305,6,BIG,2026-09-06 02:32:32
20260906100050306,8,BIG,2026-09-06 02:33:01
20260906100050307,3,SMALL,2026-09-06 02:33:31
20260906100050308,8,BIG,2026-09-06 02:34:01
20260906100050309,0,SMALL,2026-09-06 02:34:30
20260906100050310,9,BIG,2026-09-06 02:34:59
20260906100050311,0,SMALL,2026-09-06 02:35:28
20260906100050312,4,SMALL,2026-09-06 02:35:57
20260906100050313,5,BIG,2026-09-06 02:36:27
20260906100050314,4,SMALL,2026-09-06 02:37:01
20260906100050315,7,BIG,2026-09-06 02:37:30
20260906100050316,7,BIG,2026-09-06 02:38:00
20260906100050317,0,SMALL,2026-09-06 02:38:29
20260906100050318,5,BIG,2026-09-06 02:38:59
20260906100050319,7,BIG,2026-09-06 02:39:28
20260906100050320,5,BIG,2026-09-06 02:39:57
20260906100050321,1,SMALL,2026-09-06 02:40:31
20260906100050322,9,BIG,2026-09-06 02:41:00
20260906100050323,6,BIG,2026-09-06 02:41:30
20260906100050324,5,BIG,2026-09-06 02:41:59
20260906100050325,7,BIG,2026-09-06 02:42:29
20260906100050326,5,BIG,2026-09-06 02:42:57
20260906100050327,7,BIG,2026-09-06 02:43:32
20260906100050328,2,SMALL,2026-09-06 02:44:01
20260906100050329,8,BIG,2026-09-06 02:44:31
20260906100050330,7,BIG,2026-09-06 02:44:59
20260906100050331,7,BIG,2026-09-06 02:45:28
20260906100050332,9,BIG,2026-09-06 02:45:58
20260906100050333,8,BIG,2026-09-06 02:46:28
20260906100050334,2,SMALL,2026-09-06 02:46:57
20260906100050335,4,SMALL,2026-09-06 02:47:31
20260906100050336,0,SMALL,2026-09-06 02:48:00
20260906100050337,0,SMALL,2026-09-06 02:48:30
20260906100050338,0,SMALL,2026-09-06 02:48:59
20260906100050339,3,SMALL,2026-09-06 02:49:28
20260906100050340,8,BIG,2026-09-06 02:49:57
20260906100050341,3,SMALL,2026-09-06 02:50:31
20260906100050342,7,BIG,2026-09-06 02:51:01
20260906100050343,2,SMALL,2026-09-06 02:51:30
20260906100050344,8,BIG,2026-09-06 02:51:59
20260906100050345,9,BIG,2026-09-06 02:52:28
20260906100050346,7,BIG,2026-09-06 02:52:57
20260906100050347,3,SMALL,2026-09-06 02:53:31
20260906100050348,8,BIG,2026-09-06 02:54:00
20260906100050349,6,BIG,2026-09-06 02:54:29
20260906100050350,4,SMALL,2026-09-06 02:54:59
20260906100050351,7,BIG,2026-09-06 02:55:28
20260906100050352,4,SMALL,2026-09-06 02:56:02
20260906100050353,4,SMALL,2026-09-06 02:56:31
20260906100050354,3,SMALL,2026-09-06 02:57:00
20260906100050355,9,BIG,2026-09-06 02:57:29
20260906100050356,3,SMALL,2026-09-06 02:57:58
20260906100050357,5,BIG,2026-09-06 02:58:28
20260906100050358,9,BIG,2026-09-06 02:59:01
20260906100050359,9,BIG,2026-09-06 02:59:31
20260906100050360,1,SMALL,2026-09-06 03:00:00
20260906100050361,0,SMALL,2026-09-06 03:00:30
20260906100050362,1,SMALL,2026-09-06 03:01:00
20260906100050363,5,BIG,2026-09-06 03:01:29
20260906100050364,3,SMALL,2026-09-06 03:01:58
20260906100050365,9,BIG,2026-09-06 03:02:32
20260906100050366,9,BIG,2026-09-06 03:03:01
20260906100050367,1,SMALL,2026-09-06 03:03:30
20260906100050368,1,SMALL,2026-09-06 03:03:59
20260906100050369,3,SMALL,2026-09-06 03:04:29
20260906100050370,5,BIG,2026-09-06 03:04:58
20260906100050371,3,SMALL,2026-09-06 03:05:27
20260906100050372,3,SMALL,2026-09-06 03:06:01
20260906100050373,0,SMALL,2026-09-06 03:06:30
20260906100050374,9,BIG,2026-09-06 03:07:00
20260906100050375,0,SMALL,2026-09-06 03:07:29
20260906100050376,3,SMALL,2026-09-06 03:07:58
20260906100050377,7,BIG,2026-09-06 03:08:31
20260906100050378,1,SMALL,2026-09-06 03:09:00
20260906100050379,2,SMALL,2026-09-06 03:09:30
20260906100050380,7,BIG,2026-09-06 03:09:59
20260906100050381,6,BIG,2026-09-06 03:10:28
20260906100050382,2,SMALL,2026-09-06 03:10:57
20260906100050383,6,BIG,2026-09-06 03:11:31
20260906100050384,5,BIG,2026-09-06 03:12:00
20260906100050385,2,SMALL,2026-09-06 03:12:34
20260906100050386,9,BIG,2026-09-06 03:12:58
20260906100050387,4,SMALL,2026-09-06 03:13:27
20260906100050388,8,BIG,2026-09-06 03:14:01
20260906100050389,6,BIG,2026-09-06 03:14:30
20260906100050390,0,SMALL,2026-09-06 03:15:00
20260906100050391,8,BIG,2026-09-06 03:15:29
20260906100050392,4,SMALL,2026-09-06 03:15:58
20260906100050393,4,SMALL,2026-09-06 03:16:27
20260906100050394,3,SMALL,2026-09-06 03:17:01
20260906100050395,8,BIG,2026-09-06 03:17:30
20260906100050396,6,BIG,2026-09-06 03:17:59
20260906100050397,5,BIG,2026-09-06 03:18:29
20260906100050398,1,SMALL,2026-09-06 03:18:58
20260906100050399,8,BIG,2026-09-06 03:19:27
20260906100050400,9,BIG,2026-09-06 03:20:01
20260906100050401,6,BIG,2026-09-06 03:20:30
20260906100050402,0,SMALL,2026-09-06 03:21:00
20260906100050403,2,SMALL,2026-09-06 03:21:29
20260906100050404,2,SMALL,2026-09-06 03:21:58
20260906100050405,6,BIG,2026-09-06 03:22:31
20260906100050406,9,BIG,2026-09-06 03:23:01
20260906100050407,5,BIG,2026-09-06 03:23:30
20260906100050408,6,BIG,2026-09-06 03:24:03
20260906100050409,7,BIG,2026-09-06 03:24:28
20260906100050410,8,BIG,2026-09-06 03:24:57
20260906100050411,0,SMALL,2026-09-06 03:25:31
20260906100050412,7,BIG,2026-09-06 03:26:01
20260906100050413,0,SMALL,2026-09-06 03:26:31
20260906100050414,4,SMALL,2026-09-06 03:27:00
20260906100050415,2,SMALL,2026-09-06 03:27:30
20260906100050416,0,SMALL,2026-09-06 03:27:59
20260906100050417,0,SMALL,2026-09-06 03:28:28
20260906100050418,5,BIG,2026-09-06 03:29:01
20260906100050419,6,BIG,2026-09-06 03:29:31
20260906100050420,4,SMALL,2026-09-06 03:30:00
20260906100050421,6,BIG,2026-09-06 03:30:29
20260906100050422,5,BIG,2026-09-06 03:30:58
20260906100050423,8,BIG,2026-09-06 03:31:27
20260906100050424,2,SMALL,2026-09-06 03:32:01
20260906100050425,8,BIG,2026-09-06 03:32:31
20260906100050426,1,SMALL,2026-09-06 03:33:01
20260906100050427,3,SMALL,2026-09-06 03:33:30
20260906100050428,9,BIG,2026-09-06 03:34:00
20260906100050429,0,SMALL,2026-09-06 03:34:29
20260906100050430,9,BIG,2026-09-06 03:34:58
20260906100050431,3,SMALL,2026-09-06 03:35:31
20260906100050432,0,SMALL,2026-09-06 03:36:01
20260906100050433,1,SMALL,2026-09-06 03:36:30
20260906100050434,5,BIG,2026-09-06 03:36:59
20260906100050435,7,BIG,2026-09-06 03:37:29
20260906100050436,6,BIG,2026-09-06 03:37:58
20260906100050437,4,SMALL,2026-09-06 03:38:28
20260906100050438,1,SMALL,2026-09-06 03:39:02
20260906100050439,0,SMALL,2026-09-06 03:39:31
20260906100050440,2,SMALL,2026-09-06 03:40:00
20260906100050441,6,BIG,2026-09-06 03:40:30
20260906100050442,6,BIG,2026-09-06 03:40:59
20260906100050443,6,BIG,2026-09-06 03:41:29
20260906100050444,1,SMALL,2026-09-06 03:41:58
20260906100050445,1,SMALL,2026-09-06 03:42:28
20260906100050446,6,BIG,2026-09-06 03:42:57
20260906100050447,7,BIG,2026-09-06 03:43:31
20260906100050448,9,BIG,2026-09-06 03:44:00
20260906100050449,4,SMALL,2026-09-06 03:44:30
20260906100050450,9,BIG,2026-09-06 03:44:59
20260906100050451,4,SMALL,2026-09-06 03:45:29
20260906100050452,1,SMALL,2026-09-06 03:45:58
20260906100050453,0,SMALL,2026-09-06 03:46:27
20260906100050454,4,SMALL,2026-09-06 03:47:01
20260906100050455,9,BIG,2026-09-06 03:47:31
20260906100050456,6,BIG,2026-09-06 03:47:59
20260906100050457,7,BIG,2026-09-06 03:48:28
20260906100050458,7,BIG,2026-09-06 03:48:58
20260906100050459,6,BIG,2026-09-06 03:49:28
20260906100050460,2,SMALL,2026-09-06 03:50:01
20260906100050461,2,SMALL,2026-09-06 03:50:31
20260906100050462,3,SMALL,2026-09-06 03:50:59
20260906100050463,9,BIG,2026-09-06 03:51:29
20260906100050464,7,BIG,2026-09-06 03:51:58
20260906100050465,5,BIG,2026-09-06 03:52:27
20260906100050466,8,BIG,2026-09-06 03:53:01
20260906100050467,7,BIG,2026-09-06 03:53:31
20260906100050468,6,BIG,2026-09-06 03:53:59
20260906100050469,8,BIG,2026-09-06 03:54:29
20260906100050470,4,SMALL,2026-09-06 03:54:58
20260906100050471,1,SMALL,2026-09-06 03:55:27
20260906100050472,4,SMALL,2026-09-06 03:56:02
20260906100050473,3,SMALL,2026-09-06 03:56:31
20260906100050474,8,BIG,2026-09-06 03:57:00
20260906100050475,3,SMALL,2026-09-06 03:57:28
20260906100050476,0,SMALL,2026-09-06 03:58:00
20260906100050477,2,SMALL,2026-09-06 03:58:29
20260906100050478,9,BIG,2026-09-06 03:58:58
20260906100050479,9,BIG,2026-09-06 03:59:27
20260906100050480,6,BIG,2026-09-06 04:00:01
20260906100050481,3,SMALL,2026-09-06 04:00:30
20260906100050482,6,BIG,2026-09-06 04:01:00
20260906100050483,1,SMALL,2026-09-06 04:01:29
20260906100050484,4,SMALL,2026-09-06 04:01:58
20260906100050485,7,BIG,2026-09-06 04:02:29
20260906100050486,9,BIG,2026-09-06 04:02:59
20260906100050487,8,BIG,2026-09-06 04:03:31
20260906100050488,2,SMALL,2026-09-06 04:04:01
20260906100050489,4,SMALL,2026-09-06 04:04:31
20260906100050490,6,BIG,2026-09-06 04:04:58
20260906100050491,3,SMALL,2026-09-06 04:05:29
20260906100050492,0,SMALL,2026-09-06 04:05:58
20260906100050493,0,SMALL,2026-09-06 04:06:30
20260906100050494,9,BIG,2026-09-06 04:06:57
20260906100050495,3,SMALL,2026-09-06 04:07:29
20260906100050496,9,BIG,2026-09-06 04:07:59
20260906100050497,4,SMALL,2026-09-06 04:08:29
20260906100050498,7,BIG,2026-09-06 04:09:00
20260906100050499,7,BIG,2026-09-06 04:09:31
20260906100050500,4,SMALL,2026-09-06 04:10:01
20260906100050501,0,SMALL,2026-09-06 04:10:32
20260906100050502,0,SMALL,2026-09-06 04:10:57
20260906100050503,2,SMALL,2026-09-06 04:11:28
20260906100050504,4,SMALL,2026-09-06 04:11:59
20260906100050505,6,BIG,2026-09-06 04:12:30
20260906100050506,1,SMALL,2026-09-06 04:13:01
20260906100050507,9,BIG,2026-09-06 04:13:31
20260906100050508,7,BIG,2026-09-06 04:14:01
20260906100050509,7,BIG,2026-09-06 04:14:28
20260906100050510,8,BIG,2026-09-06 04:14:58
20260906100050511,3,SMALL,2026-09-06 04:15:28
20260906100050512,3,SMALL,2026-09-06 04:15:58
20260906100050513,8,BIG,2026-09-06 04:16:29
20260906100050514,2,SMALL,2026-09-06 04:16:58
20260906100050515,6,BIG,2026-09-06 04:17:28
20260906100050516,0,SMALL,2026-09-06 04:17:57
20260906100050517,0,SMALL,2026-09-06 04:18:31
20260906100050518,0,SMALL,2026-09-06 04:19:01
20260906100050519,7,BIG,2026-09-06 04:19:31
20260906100050520,6,BIG,2026-09-06 04:20:00
20260906100050521,9,BIG,2026-09-06 04:20:30
20260906100050522,2,SMALL,2026-09-06 04:21:03
20260906100050523,3,SMALL,2026-09-06 04:21:28
20260906100050524,0,SMALL,2026-09-06 04:21:58
20260906100050525,4,SMALL,2026-09-06 04:22:28
20260906100050526,1,SMALL,2026-09-06 04:22:57
20260906100050527,6,BIG,2026-09-06 04:23:27
20260906100050528,4,SMALL,2026-09-06 04:24:02
20260906100050529,1,SMALL,2026-09-06 04:24:31
20260906100050530,3,SMALL,2026-09-06 04:25:01
20260906100050531,6,BIG,2026-09-06 04:25:30
20260906100050532,8,BIG,2026-09-06 04:25:58
20260906100050533,3,SMALL,2026-09-06 04:26:28
20260906100050534,0,SMALL,2026-09-06 04:26:58
20260906100050535,6,BIG,2026-09-06 04:27:28
20260906100050536,5,BIG,2026-09-06 04:27:58
20260906100050537,4,SMALL,2026-09-06 04:28:32
20260906100050538,9,BIG,2026-09-06 04:29:01
20260906100050539,5,BIG,2026-09-06 04:29:31
20260906100050540,0,SMALL,2026-09-06 04:30:01
20260906100050541,8,BIG,2026-09-06 04:30:31
20260906100050542,2,SMALL,2026-09-06 04:31:00
20260906100050543,0,SMALL,2026-09-06 04:31:30
20260906100050544,5,BIG,2026-09-06 04:31:59
20260906100050545,2,SMALL,2026-09-06 04:32:29
20260906100050546,9,BIG,2026-09-06 04:32:58
20260906100050547,9,BIG,2026-09-06 04:33:28
20260906100050548,8,BIG,2026-09-06 04:33:58
20260906100050549,4,SMALL,2026-09-06 04:34:28
20260906100050550,5,BIG,2026-09-06 04:34:58
20260906100050551,7,BIG,2026-09-06 04:35:27
20260906100050552,9,BIG,2026-09-06 04:36:01
20260906100050553,3,SMALL,2026-09-06 04:36:31
20260906100050554,4,SMALL,2026-09-06 04:37:00
20260906100050555,4,SMALL,2026-09-06 04:37:31
20260906100050556,7,BIG,2026-09-06 04:38:01
20260906100050557,5,BIG,2026-09-06 04:38:30
20260906100050558,1,SMALL,2026-09-06 04:39:00
20260906100050559,8,BIG,2026-09-06 04:39:31
20260906100050560,3,SMALL,2026-09-06 04:39:58
20260906100050561,9,BIG,2026-09-06 04:40:29
20260906100050562,1,SMALL,2026-09-06 04:40:58
20260906100050563,6,BIG,2026-09-06 04:41:28
20260906100050564,0,SMALL,2026-09-06 04:41:57
20260906100050565,0,SMALL,2026-09-06 04:42:32
20260906100050566,5,BIG,2026-09-06 04:43:01
20260906100050567,5,BIG,2026-09-06 04:43:31
20260906100050568,3,SMALL,2026-09-06 04:44:01
20260906100050569,3,SMALL,2026-09-06 04:44:31
20260906100050570,8,BIG,2026-09-06 04:45:00
20260906100050571,3,SMALL,2026-09-06 04:45:30
20260906100050572,8,BIG,2026-09-06 04:45:59
20260906100050573,5,BIG,2026-09-06 04:46:29
20260906100050574,5,BIG,2026-09-06 04:46:58
20260906100050575,5,BIG,2026-09-06 04:47:28
20260906100050576,1,SMALL,2026-09-06 04:47:57
20260906100050577,1,SMALL,2026-09-06 04:48:31
20260906100050578,3,SMALL,2026-09-06 04:49:00
20260906100050579,0,SMALL,2026-09-06 04:49:30
20260906100050580,2,SMALL,2026-09-06 04:49:59
20260906100050581,4,SMALL,2026-09-06 04:50:29
20260906100050582,2,SMALL,2026-09-06 04:50:58
20260906100050583,2,SMALL,2026-09-06 04:51:27
20260906100050584,0,SMALL,2026-09-06 04:52:02
20260906100050585,1,SMALL,2026-09-06 04:52:31
20260906100050586,2,SMALL,2026-09-06 04:53:00
20260906100050587,7,BIG,2026-09-06 04:53:30
20260906100050588,3,SMALL,2026-09-06 04:53:59
20260906100050589,8,BIG,2026-09-06 04:54:28
20260906100050590,4,SMALL,2026-09-06 04:54:58
20260906100050591,7,BIG,2026-09-06 04:55:27
20260906100050592,8,BIG,2026-09-06 04:56:01
20260906100050593,0,SMALL,2026-09-06 04:56:30
20260906100050594,5,BIG,2026-09-06 04:57:00
20260906100050595,1,SMALL,2026-09-06 04:57:29
20260906100050596,1,SMALL,2026-09-06 04:57:58
20260906100050597,5,BIG,2026-09-06 04:58:27
20260906100050598,1,SMALL,2026-09-06 04:59:01
20260906100050599,4,SMALL,2026-09-06 04:59:31
20260906100050600,8,BIG,2026-09-06 05:00:00
20260906100050601,0,SMALL,2026-09-06 05:00:29
20260906100050602,0,SMALL,2026-09-06 05:00:59
20260906100050603,4,SMALL,2026-09-06 05:01:29
20260906100050604,1,SMALL,2026-09-06 05:01:58
20260906100050605,5,BIG,2026-09-06 05:02:31
20260906100050606,4,SMALL,2026-09-06 05:03:01
20260906100050607,8,BIG,2026-09-06 05:03:30
20260906100050608,6,BIG,2026-09-06 05:03:59
20260906100050609,4,SMALL,2026-09-06 05:04:29
20260906100050610,8,BIG,2026-09-06 05:04:58
20260906100050611,7,BIG,2026-09-06 05:05:28
20260906100050612,0,SMALL,2026-09-06 05:05:58
20260906100050613,8,BIG,2026-09-06 05:06:27
20260906100050614,8,BIG,2026-09-06 05:07:01
20260906100050615,5,BIG,2026-09-06 05:07:31
20260906100050616,4,SMALL,2026-09-06 05:08:00
20260906100050617,6,BIG,2026-09-06 05:08:30
20260906100050618,0,SMALL,2026-09-06 05:08:59
20260906100050619,9,BIG,2026-09-06 05:09:27
20260906100050620,3,SMALL,2026-09-06 05:09:57
20260906100050621,8,BIG,2026-09-06 05:10:31
20260906100050622,7,BIG,2026-09-06 05:11:01
20260906100050623,5,BIG,2026-09-06 05:11:30
20260906100050624,1,SMALL,2026-09-06 05:12:00
20260906100050625,5,BIG,2026-09-06 05:12:29
20260906100050626,6,BIG,2026-09-06 05:12:59
20260906100050627,1,SMALL,2026-09-06 05:13:28
20260906100050628,4,SMALL,2026-09-06 05:13:58
20260906100050629,3,SMALL,2026-09-06 05:14:27
20260906100050630,6,BIG,2026-09-06 05:15:01
20260906100050631,0,SMALL,2026-09-06 05:15:31
20260906100050632,1,SMALL,2026-09-06 05:16:01
20260906100050633,9,BIG,2026-09-06 05:16:30
20260906100050634,4,SMALL,2026-09-06 05:17:00
20260906100050635,2,SMALL,2026-09-06 05:17:28
20260906100050636,2,SMALL,2026-09-06 05:17:58
20260906100050637,4,SMALL,2026-09-06 05:18:28
20260906100050638,2,SMALL,2026-09-06 05:19:02
20260906100050639,7,BIG,2026-09-06 05:19:31
20260906100050640,5,BIG,2026-09-06 05:20:01
20260906100050641,7,BIG,2026-09-06 05:20:31
20260906100050642,5,BIG,2026-09-06 05:21:00
20260906100050643,3,SMALL,2026-09-06 05:21:30
20260906100050644,1,SMALL,2026-09-06 05:22:00
20260906100050645,0,SMALL,2026-09-06 05:22:30
20260906100050646,2,SMALL,2026-09-06 05:23:00
20260906100050647,0,SMALL,2026-09-06 05:23:31
20260906100050648,5,BIG,2026-09-06 05:24:01
20260906100050649,7,BIG,2026-09-06 05:24:31
20260906100050650,1,SMALL,2026-09-06 05:25:01
20260906100050651,9,BIG,2026-09-06 05:25:31
20260906100050652,8,BIG,2026-09-06 05:26:01
20260906100050653,1,SMALL,2026-09-06 05:26:31
20260906100050654,2,SMALL,2026-09-06 05:27:01
20260906100050655,6,BIG,2026-09-06 05:27:31
20260906100050656,3,SMALL,2026-09-06 05:28:01
20260906100050657,8,BIG,2026-09-06 05:28:31
20260906100050658,5,BIG,2026-09-06 05:28:57
20260906100050659,1,SMALL,2026-09-06 05:29:28
20260906100050660,6,BIG,2026-09-06 05:29:59
20260906100050661,6,BIG,2026-09-06 05:30:29
20260906100050662,6,BIG,2026-09-06 05:31:00
20260906100050663,5,BIG,2026-09-06 05:31:31
20260906100050664,6,BIG,2026-09-06 05:31:57
20260906100050665,6,BIG,2026-09-06 05:32:28
20260906100050666,7,BIG,2026-09-06 05:32:58
20260906100050667,1,SMALL,2026-09-06 05:33:32
20260906100050668,7,BIG,2026-09-06 05:34:01
20260906100050669,0,SMALL,2026-09-06 05:34:31
20260906100050670,5,BIG,2026-09-06 05:35:01
20260906100050671,6,BIG,2026-09-06 05:35:27
20260906100050672,2,SMALL,2026-09-06 05:35:58
20260906100050673,1,SMALL,2026-09-06 05:36:32
20260906100050674,2,SMALL,2026-09-06 05:37:01
20260906100050675,9,BIG,2026-09-06 05:37:31
20260906100050676,8,BIG,2026-09-06 05:38:01
20260906100050677,8,BIG,2026-09-06 05:38:31
20260906100050678,5,BIG,2026-09-06 05:39:01
20260906100050679,6,BIG,2026-09-06 05:39:27
20260906100050680,1,SMALL,2026-09-06 05:39:59
20260906100050681,0,SMALL,2026-09-06 05:40:29
20260906100050682,6,BIG,2026-09-06 05:40:59
20260906100050683,5,BIG,2026-09-06 05:41:28
20260906100050684,9,BIG,2026-09-06 05:41:58
20260906100050685,4,SMALL,2026-09-06 05:42:29
20260906100050686,1,SMALL,2026-09-06 05:42:59
20260906100050687,2,SMALL,2026-09-06 05:43:29
20260906100050688,4,SMALL,2026-09-06 05:43:59
20260906100050689,9,BIG,2026-09-06 05:44:30
20260906100050690,4,SMALL,2026-09-06 05:45:00
20260906100050691,8,BIG,2026-09-06 05:45:30
20260906100050692,9,BIG,2026-09-06 05:46:01
20260906100050693,6,BIG,2026-09-06 05:46:27
20260906100050694,6,BIG,2026-09-06 05:46:58
20260906100050695,8,BIG,2026-09-06 05:47:30
20260906100050696,3,SMALL,2026-09-06 05:48:00
20260906100050697,2,SMALL,2026-09-06 05:48:30
20260906100050698,3,SMALL,2026-09-06 05:49:01
20260906100050699,8,BIG,2026-09-06 05:49:31
20260906100050700,8,BIG,2026-09-06 05:50:01
20260906100050701,8,BIG,2026-09-06 05:50:31
20260906100050702,3,SMALL,2026-09-06 05:51:01
20260906100050703,7,BIG,2026-09-06 05:51:31
20260906100050704,9,BIG,2026-09-06 05:52:01
20260906100050705,6,BIG,2026-09-06 05:52:31
20260906100050706,7,BIG,2026-09-06 05:53:01
20260906100050707,6,BIG,2026-09-06 05:53:30
20260906100050708,8,BIG,2026-09-06 05:54:00
20260906100050709,3,SMALL,2026-09-06 05:54:29
20260906100050710,9,BIG,2026-09-06 05:54:59
20260906100050711,7,BIG,2026-09-06 05:55:28
20260906100050712,2,SMALL,2026-09-06 05:55:58
20260906100050713,5,BIG,2026-09-06 05:56:28
20260906100050714,5,BIG,2026-09-06 05:56:58
20260906100050715,4,SMALL,2026-09-06 05:57:28
20260906100050716,3,SMALL,2026-09-06 05:57:58
20260906100050717,8,BIG,2026-09-06 05:58:28
20260906100050718,2,SMALL,2026-09-06 05:58:58
20260906100050719,0,SMALL,2026-09-06 05:59:28
20260906100050720,4,SMALL,2026-09-06 05:59:57
20260906100050721,7,BIG,2026-09-06 06:00:28
20260906100050722,0,SMALL,2026-09-06 06:01:01
20260906100050723,4,SMALL,2026-09-06 06:01:31
20260906100050724,4,SMALL,2026-09-06 06:02:01
20260906100050725,0,SMALL,2026-09-06 06:02:30
20260906100050726,4,SMALL,2026-09-06 06:03:00
20260906100050727,8,BIG,2026-09-06 06:03:30
20260906100050728,4,SMALL,2026-09-06 06:04:00
20260906100050729,2,SMALL,2026-09-06 06:04:29
20260906100050730,7,BIG,2026-09-06 06:04:58
20260906100050731,7,BIG,2026-09-06 06:05:28
20260906100050732,8,BIG,2026-09-06 06:05:58
20260906100050733,8,BIG,2026-09-06 06:06:28
20260906100050734,1,SMALL,2026-09-06 06:06:57
20260906100050735,4,SMALL,2026-09-06 06:07:32
20260906100050736,6,BIG,2026-09-06 06:07:57
20260906100050737,9,BIG,2026-09-06 06:08:27
20260906100050738,2,SMALL,2026-09-06 06:09:02
20260906100050739,0,SMALL,2026-09-06 06:09:31
20260906100050740,7,BIG,2026-09-06 06:10:02
20260906100050741,0,SMALL,2026-09-06 06:10:31
20260906100050742,6,BIG,2026-09-06 06:11:01
20260906100050743,3,SMALL,2026-09-06 06:11:31
20260906100050744,8,BIG,2026-09-06 06:11:57
20260906100050745,6,BIG,2026-09-06 06:12:27
20260906100050746,0,SMALL,2026-09-06 06:13:02
20260906100050747,1,SMALL,2026-09-06 06:13:31
20260906100050748,5,BIG,2026-09-06 06:14:02
20260906100050749,3,SMALL,2026-09-06 06:14:32
20260906100050750,4,SMALL,2026-09-06 06:15:02
20260906100050751,5,BIG,2026-09-06 06:15:27
20260906100050752,8,BIG,2026-09-06 06:15:57
20260906100050753,6,BIG,2026-09-06 06:16:32
20260906100050754,2,SMALL,2026-09-06 06:16:58
20260906100050755,6,BIG,2026-09-06 06:17:31
20260906100050756,4,SMALL,2026-09-06 06:18:01
20260906100050757,8,BIG,2026-09-06 06:18:31
20260906100050758,8,BIG,2026-09-06 06:19:00
20260906100050759,7,BIG,2026-09-06 06:19:30
20260906100050760,3,SMALL,2026-09-06 06:20:00
20260906100050761,8,BIG,2026-09-06 06:20:30
20260906100050762,3,SMALL,2026-09-06 06:21:00
20260906100050763,0,SMALL,2026-09-06 06:21:30
20260906100050764,7,BIG,2026-09-06 06:22:00
20260906100050765,8,BIG,2026-09-06 06:22:30
20260906100050766,5,BIG,2026-09-06 06:23:00
20260906100050767,4,SMALL,2026-09-06 06:23:30
20260906100050768,5,BIG,2026-09-06 06:24:00
20260906100050769,3,SMALL,2026-09-06 06:24:30
20260906100050770,3,SMALL,2026-09-06 06:25:01
20260906100050771,0,SMALL,2026-09-06 06:25:30
20260906100050772,3,SMALL,2026-09-06 06:26:00
20260906100050773,7,BIG,2026-09-06 06:26:30
20260906100050774,7,BIG,2026-09-06 06:27:01
20260906100050775,4,SMALL,2026-09-06 06:27:31
20260906100050776,4,SMALL,2026-09-06 06:28:01
20260906100050777,6,BIG,2026-09-06 06:28:31
20260906100050778,6,BIG,2026-09-06 06:29:01
20260906100050779,3,SMALL,2026-09-06 06:29:31
20260906100050780,2,SMALL,2026-09-06 06:30:01
20260906100050781,8,BIG,2026-09-06 06:30:32
20260906100050782,5,BIG,2026-09-06 06:31:02
20260906100050783,1,SMALL,2026-09-06 06:31:27
20260906100050784,8,BIG,2026-09-06 06:31:57
20260906100050785,3,SMALL,2026-09-06 06:32:28
20260906100050786,5,BIG,2026-09-06 06:33:01
20260906100050787,0,SMALL,2026-09-06 06:33:31
20260906100050788,5,BIG,2026-09-06 06:34:00
20260906100050789,9,BIG,2026-09-06 06:34:30
20260906100050790,9,BIG,2026-09-06 06:35:00
20260906100050791,7,BIG,2026-09-06 06:35:30
20260906100050792,6,BIG,2026-09-06 06:36:01
20260906100050793,1,SMALL,2026-09-06 06:36:28
20260906100050794,5,BIG,2026-09-06 06:36:58
20260906100050795,0,SMALL,2026-09-06 06:37:30
20260906100050796,8,BIG,2026-09-06 06:38:00
20260906100050797,5,BIG,2026-09-06 06:38:29
20260906100050798,3,SMALL,2026-09-06 06:38:59
20260906100050799,8,BIG,2026-09-06 06:39:29
20260906100050800,1,SMALL,2026-09-06 06:39:59
20260906100050801,3,SMALL,2026-09-06 06:40:30
20260906100050802,1,SMALL,2026-09-06 06:41:01
20260906100050803,1,SMALL,2026-09-06 06:41:30
20260906100050804,4,SMALL,2026-09-06 06:42:00
20260906100050805,1,SMALL,2026-09-06 06:42:31
20260906100050806,1,SMALL,2026-09-06 06:42:57
20260906100050807,2,SMALL,2026-09-06 06:43:27
20260906100050808,9,BIG,2026-09-06 06:44:02
20260906100050809,1,SMALL,2026-09-06 06:44:32
20260906100050810,0,SMALL,2026-09-06 06:45:05
20260906100050811,6,BIG,2026-09-06 06:45:30
20260906100050812,5,BIG,2026-09-06 06:46:00
20260906100050813,6,BIG,2026-09-06 06:46:30
20260906100050814,3,SMALL,2026-09-06 06:46:59
20260906100050815,3,SMALL,2026-09-06 06:47:29
20260906100050816,2,SMALL,2026-09-06 06:48:00
20260906100050817,7,BIG,2026-09-06 06:48:29
20260906100050818,2,SMALL,2026-09-06 06:49:00
20260906100050819,8,BIG,2026-09-06 06:49:30
20260906100050820,5,BIG,2026-09-06 06:50:00
20260906100050821,1,SMALL,2026-09-06 06:50:30
20260906100050822,1,SMALL,2026-09-06 06:50:59
20260906100050823,4,SMALL,2026-09-06 06:51:29
20260906100050824,3,SMALL,2026-09-06 06:51:59
20260906100050825,8,BIG,2026-09-06 06:52:29
20260906100050826,5,BIG,2026-09-06 06:52:59
20260906100050827,1,SMALL,2026-09-06 06:53:30
20260906100050828,0,SMALL,2026-09-06 06:53:59
20260906100050829,4,SMALL,2026-09-06 06:54:30
20260906100050830,7,BIG,2026-09-06 06:54:59
20260906100050831,4,SMALL,2026-09-06 06:55:29
20260906100050832,5,BIG,2026-09-06 06:56:00
20260906100050833,1,SMALL,2026-09-06 06:56:30
20260906100050834,1,SMALL,2026-09-06 06:57:00
20260906100050835,7,BIG,2026-09-06 06:57:30
20260906100050836,5,BIG,2026-09-06 06:58:01
20260906100050837,7,BIG,2026-09-06 06:58:30
20260906100050838,1,SMALL,2026-09-06 06:59:00
20260906100050839,1,SMALL,2026-09-06 06:59:29
20260906100050840,3,SMALL,2026-09-06 06:59:59
20260906100050841,3,SMALL,2026-09-06 07:00:29
20260906100050842,0,SMALL,2026-09-06 07:01:01
20260906100050843,1,SMALL,2026-09-06 07:01:31
20260906100050844,8,BIG,2026-09-06 07:02:01
20260906100050845,5,BIG,2026-09-06 07:02:32
20260906100050846,9,BIG,2026-09-06 07:02:57
20260906100050847,7,BIG,2026-09-06 07:03:28
20260906100050848,6,BIG,2026-09-06 07:03:58
20260906100050849,0,SMALL,2026-09-06 07:04:29
20260906100050850,3,SMALL,2026-09-06 07:04:58
20260906100050851,8,BIG,2026-09-06 07:05:29
20260906100050852,5,BIG,2026-09-06 07:06:00
20260906100050853,5,BIG,2026-09-06 07:06:31
20260906100050854,6,BIG,2026-09-06 07:06:57
20260906100050855,1,SMALL,2026-09-06 07:07:28
20260906100050856,6,BIG,2026-09-06 07:07:59
20260906100050857,1,SMALL,2026-09-06 07:08:29
20260906100050858,8,BIG,2026-09-06 07:08:59
20260906100050859,6,BIG,2026-09-06 07:09:30
20260906100050860,8,BIG,2026-09-06 07:10:01
20260906100050861,0,SMALL,2026-09-06 07:10:31
20260906100050862,8,BIG,2026-09-06 07:11:01
20260906100050863,3,SMALL,2026-09-06 07:11:27
20260906100050864,1,SMALL,2026-09-06 07:11:58
20260906100050865,1,SMALL,2026-09-06 07:12:29
20260906100050866,7,BIG,2026-09-06 07:13:00
20260906100050867,0,SMALL,2026-09-06 07:13:32
20260906100050868,5,BIG,2026-09-06 07:13:58
20260906100050869,4,SMALL,2026-09-06 07:14:30
20260906100050870,8,BIG,2026-09-06 07:15:01
20260906100050871,7,BIG,2026-09-06 07:15:31
20260906100050872,1,SMALL,2026-09-06 07:16:02
20260906100050873,9,BIG,2026-09-06 07:16:27
20260906100050874,0,SMALL,2026-09-06 07:16:59
20260906100050875,7,BIG,2026-09-06 07:17:31
20260906100050876,5,BIG,2026-09-06 07:17:58
20260906100050877,8,BIG,2026-09-06 07:18:30
20260906100050878,5,BIG,2026-09-06 07:18:57
20260906100050879,7,BIG,2026-09-06 07:19:31
20260906100050880,2,SMALL,2026-09-06 07:19:57
20260906100050881,1,SMALL,2026-09-06 07:20:29
20260906100050882,5,BIG,2026-09-06 07:21:00
20260906100050883,2,SMALL,2026-09-06 07:21:30
20260906100050884,7,BIG,2026-09-06 07:22:02
20260906100050885,3,SMALL,2026-09-06 07:22:27
20260906100050886,3,SMALL,2026-09-06 07:22:59
20260906100050887,1,SMALL,2026-09-06 07:23:29
20260906100050888,7,BIG,2026-09-06 07:24:01
20260906100050889,4,SMALL,2026-09-06 07:24:28
20260906100050890,9,BIG,2026-09-06 07:24:59
20260906100050891,8,BIG,2026-09-06 07:25:31
20260906100050892,9,BIG,2026-09-06 07:25:57
20260906100050893,7,BIG,2026-09-06 07:26:28
20260906100050894,3,SMALL,2026-09-06 07:26:59
20260906100050895,0,SMALL,2026-09-06 07:27:30
20260906100050896,4,SMALL,2026-09-06 07:28:01
20260906100050897,9,BIG,2026-09-06 07:28:27
20260906100050898,9,BIG,2026-09-06 07:28:59
20260906100050899,1,SMALL,2026-09-06 07:29:30
20260906100050900,9,BIG,2026-09-06 07:30:01
20260906100050901,9,BIG,2026-09-06 07:30:27
20260906100050902,6,BIG,2026-09-06 07:30:59
20260906100050903,6,BIG,2026-09-06 07:31:30
20260906100050904,5,BIG,2026-09-06 07:32:01
20260906100050905,3,SMALL,2026-09-06 07:32:27
20260906100050906,9,BIG,2026-09-06 07:33:00
20260906100050907,8,BIG,2026-09-06 07:33:31
20260906100050908,2,SMALL,2026-09-06 07:33:58
20260906100050909,1,SMALL,2026-09-06 07:34:29
20260906100050910,2,SMALL,2026-09-06 07:35:01
20260906100050911,4,SMALL,2026-09-06 07:35:28
20260906100050912,7,BIG,2026-09-06 07:35:59
20260906100050913,7,BIG,2026-09-06 07:36:30
20260906100050914,7,BIG,2026-09-06 07:37:02
20260906100050915,0,SMALL,2026-09-06 07:37:27
20260906100050916,6,BIG,2026-09-06 07:37:59
20260906100050917,5,BIG,2026-09-06 07:38:30
20260906100050918,4,SMALL,2026-09-06 07:39:01
20260906100050919,4,SMALL,2026-09-06 07:39:32
20260906100050920,5,BIG,2026-09-06 07:39:59
20260906100050921,6,BIG,2026-09-06 07:40:30
20260906100050922,5,BIG,2026-09-06 07:41:01
20260906100050923,6,BIG,2026-09-06 07:41:32
20260906100050924,9,BIG,2026-09-06 07:41:57
20260906100050925,0,SMALL,2026-09-06 07:42:27
20260906100050926,1,SMALL,2026-09-06 07:42:58
20260906100050927,8,BIG,2026-09-06 07:43:28
20260906100050928,0,SMALL,2026-09-06 07:43:59
20260906100050929,9,BIG,2026-09-06 07:44:30
20260906100050930,8,BIG,2026-09-06 07:45:01
20260906100050931,7,BIG,2026-09-06 07:45:32
20260906100050932,5,BIG,2026-09-06 07:45:57
20260906100050933,8,BIG,2026-09-06 07:46:28
20260906100050934,8,BIG,2026-09-06 07:46:59
20260906100050935,6,BIG,2026-09-06 07:47:28
20260906100050936,0,SMALL,2026-09-06 07:47:59
20260906100050937,2,SMALL,2026-09-06 07:48:30
20260906100050938,5,BIG,2026-09-06 07:49:05
20260906100050939,6,BIG,2026-09-06 07:49:32
20260906100050940,3,SMALL,2026-09-06 07:49:58
20260906100050941,3,SMALL,2026-09-06 07:50:29
20260906100050942,4,SMALL,2026-09-06 07:51:00
20260906100050943,3,SMALL,2026-09-06 07:51:31
20260906100050944,4,SMALL,2026-09-06 07:52:02
20260906100050945,9,BIG,2026-09-06 07:52:28
20260906100050946,3,SMALL,2026-09-06 07:52:59
20260906100050947,8,BIG,2026-09-06 07:53:31
20260906100050948,9,BIG,2026-09-06 07:54:01
20260906100050949,8,BIG,2026-09-06 07:54:31
20260906100050950,5,BIG,2026-09-06 07:55:01
20260906100050951,1,SMALL,2026-09-06 07:55:31
20260906100050952,3,SMALL,2026-09-06 07:56:01
20260906100050953,5,BIG,2026-09-06 07:56:31
20260906100050954,3,SMALL,2026-09-06 07:57:01
20260906100050955,3,SMALL,2026-09-06 07:57:31
20260906100050956,9,BIG,2026-09-06 07:58:01
20260906100050957,3,SMALL,2026-09-06 07:58:30
20260906100050958,5,BIG,2026-09-06 07:59:00
20260906100050959,8,BIG,2026-09-06 07:59:30
20260906100050960,0,SMALL,2026-09-06 07:59:59
20260906100050961,7,BIG,2026-09-06 08:00:29
20260906100050962,3,SMALL,2026-09-06 08:00:59
20260906100050963,5,BIG,2026-09-06 08:01:28
20260906100050964,1,SMALL,2026-09-06 08:01:59
20260906100050965,9,BIG,2026-09-06 08:02:29
20260906100050966,2,SMALL,2026-09-06 08:02:59
20260906100050967,2,SMALL,2026-09-06 08:03:28
20260906100050968,8,BIG,2026-09-06 08:03:57
20260906100050969,5,BIG,2026-09-06 08:04:27
20260906100050970,6,BIG,2026-09-06 08:04:57
20260906100050971,1,SMALL,2026-09-06 08:05:28
20260906100050972,6,BIG,2026-09-06 08:05:58
20260906100050973,2,SMALL,2026-09-06 08:06:28
20260906100050974,3,SMALL,2026-09-06 08:07:01
20260906100050975,6,BIG,2026-09-06 08:07:32
20260906100050976,7,BIG,2026-09-06 08:08:01
20260906100050977,3,SMALL,2026-09-06 08:08:31
20260906100050978,6,BIG,2026-09-06 08:09:01
20260906100050979,0,SMALL,2026-09-06 08:09:32
20260906100050980,9,BIG,2026-09-06 08:10:02
20260906100050981,9,BIG,2026-09-06 08:10:27
20260906100050982,6,BIG,2026-09-06 08:10:58
20260906100050983,9,BIG,2026-09-06 08:11:28
20260906100050984,9,BIG,2026-09-06 08:11:57
20260906100050985,7,BIG,2026-09-06 08:12:32
20260906100050986,5,BIG,2026-09-06 08:12:57
20260906100050987,0,SMALL,2026-09-06 08:13:27
20260906100050988,2,SMALL,2026-09-06 08:13:57
20260906100050989,0,SMALL,2026-09-06 08:14:27
20260906100050990,4,SMALL,2026-09-06 08:14:58
20260906100050991,3,SMALL,2026-09-06 08:15:28
20260906100050992,4,SMALL,2026-09-06 08:15:59
20260906100050993,9,BIG,2026-09-06 08:16:28
20260906100050994,9,BIG,2026-09-06 08:16:59
20260906100050995,3,SMALL,2026-09-06 08:17:30
20260906100050996,1,SMALL,2026-09-06 08:18:00
20260906100050997,6,BIG,2026-09-06 08:18:30
20260906100050998,2,SMALL,2026-09-06 08:19:01
20260906100050999,3,SMALL,2026-09-06 08:19:30
20260906100051000,5,BIG,2026-09-06 08:20:01
20260906100051001,7,BIG,2026-09-06 08:20:31
20260906100051002,5,BIG,2026-09-06 08:21:01
20260906100051003,2,SMALL,2026-09-06 08:21:31
20260906100051004,1,SMALL,2026-09-06 08:22:01
20260906100051005,8,BIG,2026-09-06 08:22:36
20260906100051006,9,BIG,2026-09-06 08:22:57
20260906100051007,5,BIG,2026-09-06 08:23:28
20260906100051008,8,BIG,2026-09-06 08:23:59
20260906100051009,1,SMALL,2026-09-06 08:24:30
20260906100051010,4,SMALL,2026-09-06 08:25:00
20260906100051011,9,BIG,2026-09-06 08:25:31
20260906100051012,2,SMALL,2026-09-06 08:26:02
20260906100051013,5,BIG,2026-09-06 08:26:28
20260906100051014,6,BIG,2026-09-06 08:26:59
20260906100051015,7,BIG,2026-09-06 08:27:29
20260906100051016,8,BIG,2026-09-06 08:28:00
20260906100051017,2,SMALL,2026-09-06 08:28:31
20260906100051018,8,BIG,2026-09-06 08:29:01
20260906100051019,0,SMALL,2026-09-06 08:29:31
20260906100051020,2,SMALL,2026-09-06 08:29:57
20260906100051021,5,BIG,2026-09-06 08:30:28
20260906100051022,3,SMALL,2026-09-06 08:30:57
20260906100051023,7,BIG,2026-09-06 08:31:28
20260906100051024,1,SMALL,2026-09-06 08:31:57
20260906100051025,3,SMALL,2026-09-06 08:32:27
20260906100051026,7,BIG,2026-09-06 08:32:58
20260906100051027,6,BIG,2026-09-06 08:33:28
20260906100051028,4,SMALL,2026-09-06 08:33:58
20260906100051029,5,BIG,2026-09-06 08:34:28
20260906100051030,3,SMALL,2026-09-06 08:34:58
20260906100051031,9,BIG,2026-09-06 08:35:32
20260906100051032,3,SMALL,2026-09-06 08:36:02
20260906100051033,5,BIG,2026-09-06 08:36:27
20260906100051034,2,SMALL,2026-09-06 08:36:58
20260906100051035,1,SMALL,2026-09-06 08:37:28
20260906100051036,5,BIG,2026-09-06 08:37:58
20260906100051037,1,SMALL,2026-09-06 08:38:29
20260906100051038,4,SMALL,2026-09-06 08:38:58
20260906100051039,0,SMALL,2026-09-06 08:39:28
20260906100051040,3,SMALL,2026-09-06 08:39:59
20260906100051041,1,SMALL,2026-09-06 08:40:29
20260906100051042,0,SMALL,2026-09-06 08:40:59
20260906100051043,5,BIG,2026-09-06 08:41:30
20260906100051044,0,SMALL,2026-09-06 08:42:01
20260906100051045,5,BIG,2026-09-06 08:42:31
20260906100051046,3,SMALL,2026-09-06 08:43:02
20260906100051047,1,SMALL,2026-09-06 08:43:27
20260906100051048,5,BIG,2026-09-06 08:43:57
20260906100051049,2,SMALL,2026-09-06 08:44:27
20260906100051050,5,BIG,2026-09-06 08:44:58
20260906100051051,8,BIG,2026-09-06 08:45:28
20260906100051052,8,BIG,2026-09-06 08:45:58
20260906100051053,3,SMALL,2026-09-06 08:46:32
20260906100051054,6,BIG,2026-09-06 08:46:57
20260906100051055,3,SMALL,2026-09-06 08:47:27
20260906100051056,2,SMALL,2026-09-06 08:47:58
20260906100051057,3,SMALL,2026-09-06 08:48:28
20260906100051058,6,BIG,2026-09-06 08:48:57
20260906100051059,5,BIG,2026-09-06 08:49:30
20260906100051060,1,SMALL,2026-09-06 08:50:00
20260906100051061,8,BIG,2026-09-06 08:50:30
20260906100051062,0,SMALL,2026-09-06 08:51:01
20260906100051063,1,SMALL,2026-09-06 08:51:27
20260906100051064,3,SMALL,2026-09-06 08:51:58
20260906100051065,4,SMALL,2026-09-06 08:52:28
20260906100051066,7,BIG,2026-09-06 08:52:59
20260906100051067,0,SMALL,2026-09-06 08:53:29
20260906100051068,9,BIG,2026-09-06 08:53:59
20260906100051069,1,SMALL,2026-09-06 08:54:29
20260906100051070,0,SMALL,2026-09-06 08:54:58
20260906100051071,2,SMALL,2026-09-06 08:55:28
20260906100051072,5,BIG,2026-09-06 08:55:58
20260906100051073,1,SMALL,2026-09-06 08:56:32
20260906100051074,5,BIG,2026-09-06 08:56:57
20260906100051075,8,BIG,2026-09-06 08:57:27
20260906100051076,6,BIG,2026-09-06 08:57:58
20260906100051077,7,BIG,2026-09-06 08:58:28
20260906100051078,0,SMALL,2026-09-06 08:58:59
20260906100051079,2,SMALL,2026-09-06 08:59:28
20260906100051080,4,SMALL,2026-09-06 08:59:59
20260906100051081,9,BIG,2026-09-06 09:00:29
20260906100051082,2,SMALL,2026-09-06 09:01:00
20260906100051083,1,SMALL,2026-09-06 09:01:30
20260906100051084,6,BIG,2026-09-06 09:02:00
20260906100051085,4,SMALL,2026-09-06 09:02:30
20260906100051086,2,SMALL,2026-09-06 09:03:00
20260906100051087,9,BIG,2026-09-06 09:03:30
20260906100051088,5,BIG,2026-09-06 09:04:00
20260906100051089,4,SMALL,2026-09-06 09:04:30
20260906100051090,3,SMALL,2026-09-06 09:05:00
20260906100051091,5,BIG,2026-09-06 09:05:30
20260906100051092,2,SMALL,2026-09-06 09:06:00
20260906100051093,1,SMALL,2026-09-06 09:06:30
20260906100051094,6,BIG,2026-09-06 09:07:01
20260906100051095,9,BIG,2026-09-06 09:07:32
20260906100051096,4,SMALL,2026-09-06 09:07:58
20260906100051097,1,SMALL,2026-09-06 09:08:29
20260906100051098,9,BIG,2026-09-06 09:08:59
20260906100051099,9,BIG,2026-09-06 09:09:31
20260906100051100,4,SMALL,2026-09-06 09:10:02
20260906100051101,3,SMALL,2026-09-06 09:10:27
20260906100051102,5,BIG,2026-09-06 09:10:58
20260906100051103,8,BIG,2026-09-06 09:11:28
20260906100051104,1,SMALL,2026-09-06 09:11:58
20260906100051105,6,BIG,2026-09-06 09:12:28
20260906100051106,9,BIG,2026-09-06 09:12:58
20260906100051107,1,SMALL,2026-09-06 09:13:28
20260906100051108,4,SMALL,2026-09-06 09:13:58
20260906100051109,1,SMALL,2026-09-06 09:14:28
20260906100051110,3,SMALL,2026-09-06 09:14:58
20260906100051111,7,BIG,2026-09-06 09:15:28
20260906100051112,4,SMALL,2026-09-06 09:15:58
20260906100051113,3,SMALL,2026-09-06 09:16:29
20260906100051114,3,SMALL,2026-09-06 09:16:59
20260906100051115,3,SMALL,2026-09-06 09:17:28
20260906100051116,4,SMALL,2026-09-06 09:17:58
20260906100051117,4,SMALL,2026-09-06 09:18:28
20260906100051118,9,BIG,2026-09-06 09:18:57
20260906100051119,2,SMALL,2026-09-06 09:19:31
20260906100051120,0,SMALL,2026-09-06 09:20:01
20260906100051121,0,SMALL,2026-09-06 09:20:31
20260906100051122,9,BIG,2026-09-06 09:21:00
20260906100051123,4,SMALL,2026-09-06 09:21:30
20260906100051124,0,SMALL,2026-09-06 09:22:00
20260906100051125,0,SMALL,2026-09-06 09:22:30
20260906100051126,7,BIG,2026-09-06 09:23:00
20260906100051127,9,BIG,2026-09-06 09:23:30
20260906100051128,8,BIG,2026-09-06 09:24:00
20260906100051129,4,SMALL,2026-09-06 09:24:29
20260906100051130,6,BIG,2026-09-06 09:25:00
20260906100051131,3,SMALL,2026-09-06 09:25:30
20260906100051132,7,BIG,2026-09-06 09:25:59
20260906100051133,5,BIG,2026-09-06 09:26:29
20260906100051134,6,BIG,2026-09-06 09:26:59
20260906100051135,9,BIG,2026-09-06 09:27:29
20260906100051136,7,BIG,2026-09-06 09:27:58
20260906100051137,4,SMALL,2026-09-06 09:28:28
20260906100051138,8,BIG,2026-09-06 09:29:01
20260906100051139,3,SMALL,2026-09-06 09:29:31
20260906100051140,3,SMALL,2026-09-06 09:30:01
20260906100051141,6,BIG,2026-09-06 09:30:31
20260906100051142,2,SMALL,2026-09-06 09:31:01
20260906100051143,8,BIG,2026-09-06 09:31:30
20260906100051144,6,BIG,2026-09-06 09:32:00
20260906100051145,1,SMALL,2026-09-06 09:32:30
20260906100051146,2,SMALL,2026-09-06 09:33:04
20260906100051147,8,BIG,2026-09-06 09:33:29
20260906100051148,7,BIG,2026-09-06 09:33:59
20260906100051149,1,SMALL,2026-09-06 09:34:28
20260906100051150,0,SMALL,2026-09-06 09:34:58
20260906100051151,2,SMALL,2026-09-06 09:35:28
20260906100051152,5,BIG,2026-09-06 09:35:57
20260906100051153,9,BIG,2026-09-06 09:36:28
20260906100051154,3,SMALL,2026-09-06 09:36:57
20260906100051155,8,BIG,2026-09-06 09:37:27
20260906100051156,7,BIG,2026-09-06 09:37:57
20260906100051157,9,BIG,2026-09-06 09:38:27
20260906100051158,9,BIG,2026-09-06 09:39:01
20260906100051159,9,BIG,2026-09-06 09:39:31
20260906100051160,8,BIG,2026-09-06 09:40:01
20260906100051161,5,BIG,2026-09-06 09:40:31
20260906100051162,2,SMALL,2026-09-06 09:41:01
20260906100051163,1,SMALL,2026-09-06 09:41:31
20260906100051164,7,BIG,2026-09-06 09:42:01
20260906100051165,1,SMALL,2026-09-06 09:42:31
20260906100051166,6,BIG,2026-09-06 09:43:01
20260906100051167,9,BIG,2026-09-06 09:43:30
20260906100051168,2,SMALL,2026-09-06 09:44:00
20260906100051169,1,SMALL,2026-09-06 09:44:31
20260906100051170,6,BIG,2026-09-06 09:45:00
20260906100051171,9,BIG,2026-09-06 09:45:30
20260906100051172,8,BIG,2026-09-06 09:46:00
20260906100051173,7,BIG,2026-09-06 09:46:30
20260906100051174,0,SMALL,2026-09-06 09:47:00
20260906100051175,0,SMALL,2026-09-06 09:47:30
20260906100051176,6,BIG,2026-09-06 09:48:00
20260906100051177,3,SMALL,2026-09-06 09:48:30
20260906100051178,9,BIG,2026-09-06 09:49:00
20260906100051179,7,BIG,2026-09-06 09:49:30
20260906100051180,9,BIG,2026-09-06 09:50:01
20260906100051181,5,BIG,2026-09-06 09:50:32
20260906100051182,3,SMALL,2026-09-06 09:50:57
20260906100051183,1,SMALL,2026-09-06 09:51:28
20260906100051184,9,BIG,2026-09-06 09:51:58
20260906100051185,7,BIG,2026-09-06 09:52:28
20260906100051186,3,SMALL,2026-09-06 09:52:58
20260906100051187,8,BIG,2026-09-06 09:53:28
20260906100051188,3,SMALL,2026-09-06 09:53:58
20260906100051189,1,SMALL,2026-09-06 09:54:28
20260906100051190,9,BIG,2026-09-06 09:54:58
20260906100051191,8,BIG,2026-09-06 09:55:28
20260906100051192,5,BIG,2026-09-06 09:55:58
20260906100051193,5,BIG,2026-09-06 09:56:29
20260906100051194,6,BIG,2026-09-06 09:56:59
20260906100051195,6,BIG,2026-09-06 09:57:29
20260906100051196,2,SMALL,2026-09-06 09:57:59
20260906100051197,1,SMALL,2026-09-06 09:58:30
20260906100051198,9,BIG,2026-09-06 09:58:57
20260906100051199,2,SMALL,2026-09-06 09:59:29
20260906100051200,9,BIG,2026-09-06 10:00:00
20260906100051201,2,SMALL,2026-09-06 10:00:32
20260906100051202,3,SMALL,2026-09-06 10:00:58
20260906100051203,0,SMALL,2026-09-06 10:01:27
20260906100051204,7,BIG,2026-09-06 10:02:00
20260906100051205,7,BIG,2026-09-06 10:02:28
20260906100051206,8,BIG,2026-09-06 10:03:01
20260906100051207,2,SMALL,2026-09-06 10:03:30
20260906100051208,2,SMALL,2026-09-06 10:03:59
20260906100051209,7,BIG,2026-09-06 10:04:30
20260906100051210,0,SMALL,2026-09-06 10:05:01
20260906100051211,6,BIG,2026-09-06 10:05:31
20260906100051212,7,BIG,2026-09-06 10:05:57
20260906100051213,3,SMALL,2026-09-06 10:06:29
20260906100051214,5,BIG,2026-09-06 10:07:00
20260906100051215,4,SMALL,2026-09-06 10:07:27
20260906100051216,3,SMALL,2026-09-06 10:08:01
20260906100051217,4,SMALL,2026-09-06 10:08:27
20260906100051218,3,SMALL,2026-09-06 10:08:58
20260906100051219,5,BIG,2026-09-06 10:09:28
20260906100051220,5,BIG,2026-09-06 10:09:59
20260906100051221,4,SMALL,2026-09-06 10:10:29
20260906100051222,2,SMALL,2026-09-06 10:11:00
20260906100051223,3,SMALL,2026-09-06 10:11:30
20260906100051224,0,SMALL,2026-09-06 10:12:01
20260906100051225,4,SMALL,2026-09-06 10:12:32
20260906100051226,1,SMALL,2026-09-06 10:12:57
20260906100051227,7,BIG,2026-09-06 10:13:27
20260906100051228,6,BIG,2026-09-06 10:13:58
20260906100051229,3,SMALL,2026-09-06 10:14:28
20260906100051230,1,SMALL,2026-09-06 10:14:59
20260906100051231,6,BIG,2026-09-06 10:15:29
20260906100051232,4,SMALL,2026-09-06 10:16:00
20260906100051233,1,SMALL,2026-09-06 10:16:30
20260906100051234,9,BIG,2026-09-06 10:17:00
20260906100051235,1,SMALL,2026-09-06 10:17:30
20260906100051236,5,BIG,2026-09-06 10:18:00
20260906100051237,2,SMALL,2026-09-06 10:18:31
20260906100051238,7,BIG,2026-09-06 10:19:01
20260906100051239,4,SMALL,2026-09-06 10:19:31
20260906100051240,4,SMALL,2026-09-06 10:20:01
20260906100051241,7,BIG,2026-09-06 10:20:31
20260906100051242,1,SMALL,2026-09-06 10:21:01
20260906100051243,1,SMALL,2026-09-06 10:21:32
20260906100051244,1,SMALL,2026-09-06 10:21:57
20260906100051245,4,SMALL,2026-09-06 10:22:27
20260906100051246,4,SMALL,2026-09-06 10:23:01
20260906100051247,0,SMALL,2026-09-06 10:23:27
20260906100051248,0,SMALL,2026-09-06 10:24:02
20260906100051249,8,BIG,2026-09-06 10:24:31
20260906100051250,0,SMALL,2026-09-06 10:25:01
20260906100051251,6,BIG,2026-09-06 10:25:32
20260906100051252,1,SMALL,2026-09-06 10:25:58
20260906100051253,8,BIG,2026-09-06 10:26:29
20260906100051254,6,BIG,2026-09-06 10:27:01
20260906100051255,7,BIG,2026-09-06 10:27:27
20260906100051256,8,BIG,2026-09-06 10:27:58
20260906100051257,1,SMALL,2026-09-06 10:28:29
20260906100051258,3,SMALL,2026-09-06 10:28:59
20260906100051259,1,SMALL,2026-09-06 10:29:30
20260906100051260,9,BIG,2026-09-06 10:30:01
20260906100051261,1,SMALL,2026-09-06 10:30:28
20260906100051262,1,SMALL,2026-09-06 10:30:58
20260906100051263,7,BIG,2026-09-06 10:31:28
20260906100051264,0,SMALL,2026-09-06 10:31:59
20260906100051265,8,BIG,2026-09-06 10:32:30
20260906100051266,9,BIG,2026-09-06 10:33:02
20260906100051267,0,SMALL,2026-09-06 10:33:27
20260906100051268,6,BIG,2026-09-06 10:33:58
20260906100051269,5,BIG,2026-09-06 10:34:28
20260906100051270,3,SMALL,2026-09-06 10:34:59
20260906100051271,7,BIG,2026-09-06 10:35:29
20260906100051272,3,SMALL,2026-09-06 10:35:59
20260906100051273,2,SMALL,2026-09-06 10:36:30
20260906100051274,3,SMALL,2026-09-06 10:37:00
20260906100051275,5,BIG,2026-09-06 10:37:30
20260906100051276,3,SMALL,2026-09-06 10:38:01
20260906100051277,1,SMALL,2026-09-06 10:38:31
20260906100051278,8,BIG,2026-09-06 10:38:57
20260906100051279,3,SMALL,2026-09-06 10:39:28
20260906100051280,7,BIG,2026-09-06 10:39:59
20260906100051281,0,SMALL,2026-09-06 10:40:31
20260906100051282,7,BIG,2026-09-06 10:41:02
20260906100051283,1,SMALL,2026-09-06 10:41:28
20260906100051284,1,SMALL,2026-09-06 10:42:00
20260906100051285,6,BIG,2026-09-06 10:42:31
20260906100051286,4,SMALL,2026-09-06 10:43:01
20260906100051287,7,BIG,2026-09-06 10:43:31
20260906100051288,2,SMALL,2026-09-06 10:44:02
20260906100051289,7,BIG,2026-09-06 10:44:27
20260906100051290,1,SMALL,2026-09-06 10:44:58
20260906100051291,5,BIG,2026-09-06 10:45:29
20260906100051292,4,SMALL,2026-09-06 10:46:00
20260906100051293,5,BIG,2026-09-06 10:46:30
20260906100051294,5,BIG,2026-09-06 10:47:01
20260906100051295,4,SMALL,2026-09-06 10:47:27
20260906100051296,8,BIG,2026-09-06 10:47:58
20260906100051297,9,BIG,2026-09-06 10:48:29
20260906100051298,9,BIG,2026-09-06 10:49:01
20260906100051299,3,SMALL,2026-09-06 10:49:31
20260906100051300,3,SMALL,2026-09-06 10:50:01
20260906100051301,4,SMALL,2026-09-06 10:50:32
20260906100051302,2,SMALL,2026-09-06 10:51:02
20260906100051303,8,BIG,2026-09-06 10:51:32
20260906100051304,5,BIG,2026-09-06 10:52:01
20260906100051305,2,SMALL,2026-09-06 10:52:27
20260906100051306,9,BIG,2026-09-06 10:52:57
20260906100051307,8,BIG,2026-09-06 10:53:27
20260906100051308,6,BIG,2026-09-06 10:53:58
20260906100051309,4,SMALL,2026-09-06 10:54:28
20260906100051310,2,SMALL,2026-09-06 10:54:58
20260906100051311,1,SMALL,2026-09-06 10:55:28
20260906100051312,9,BIG,2026-09-06 10:55:59
20260906100051313,4,SMALL,2026-09-06 10:56:29
20260906100051314,5,BIG,2026-09-06 10:56:59
20260906100051315,0,SMALL,2026-09-06 10:57:29
20260906100051316,2,SMALL,2026-09-06 10:57:59
20260906100051317,3,SMALL,2026-09-06 10:58:29
20260906100051318,8,BIG,2026-09-06 10:58:59
20260906100051319,9,BIG,2026-09-06 10:59:29
20260906100051320,9,BIG,2026-09-06 10:59:59
20260906100051321,6,BIG,2026-09-06 11:00:29
20260906100051322,8,BIG,2026-09-06 11:01:00
20260906100051323,3,SMALL,2026-09-06 11:01:30
20260906100051324,2,SMALL,2026-09-06 11:02:00
20260906100051325,9,BIG,2026-09-06 11:02:30
20260906100051326,4,SMALL,2026-09-06 11:03:00
20260906100051327,9,BIG,2026-09-06 11:03:30
20260906100051328,1,SMALL,2026-09-06 11:04:00
20260906100051329,5,BIG,2026-09-06 11:04:30
20260906100051330,6,BIG,2026-09-06 11:05:00
20260906100051331,9,BIG,2026-09-06 11:05:30
20260906100051332,8,BIG,2026-09-06 11:06:00
20260906100051333,5,BIG,2026-09-06 11:06:30
20260906100051334,7,BIG,2026-09-06 11:07:00
20260906100051335,3,SMALL,2026-09-06 11:07:30
20260906100051336,3,SMALL,2026-09-06 11:08:00
20260906100051337,6,BIG,2026-09-06 11:08:29
20260906100051338,0,SMALL,2026-09-06 11:08:59
20260906100051339,7,BIG,2026-09-06 11:09:29
20260906100051340,3,SMALL,2026-09-06 11:09:59
20260906100051341,9,BIG,2026-09-06 11:10:30
20260906100051342,8,BIG,2026-09-06 11:10:59
20260906100051343,1,SMALL,2026-09-06 11:11:30
20260906100051344,2,SMALL,2026-09-06 11:12:00
20260906100051345,1,SMALL,2026-09-06 11:12:30
20260906100051346,8,BIG,2026-09-06 11:13:00
20260906100051347,2,SMALL,2026-09-06 11:13:30
20260906100051348,1,SMALL,2026-09-06 11:14:00
20260906100051349,0,SMALL,2026-09-06 11:14:30
20260906100051350,2,SMALL,2026-09-06 11:15:01
20260906100051351,9,BIG,2026-09-06 11:15:31
20260906100051352,0,SMALL,2026-09-06 11:16:01
20260906100051353,1,SMALL,2026-09-06 11:16:31
20260906100051354,8,BIG,2026-09-06 11:17:01
20260906100051355,5,BIG,2026-09-06 11:17:32
20260906100051356,9,BIG,2026-09-06 11:17:57
20260906100051357,8,BIG,2026-09-06 11:18:27
20260906100051358,0,SMALL,2026-09-06 11:18:57
20260906100051359,8,BIG,2026-09-06 11:19:27
20260906100051360,8,BIG,2026-09-06 11:19:58
20260906100051361,5,BIG,2026-09-06 11:20:28
20260906100051362,5,BIG,2026-09-06 11:20:59
20260906100051363,7,BIG,2026-09-06 11:21:29
20260906100051364,1,SMALL,2026-09-06 11:21:59
20260906100051365,2,SMALL,2026-09-06 11:22:30
20260906100051366,5,BIG,2026-09-06 11:23:00
20260906100051367,8,BIG,2026-09-06 11:23:31
20260906100051368,3,SMALL,2026-09-06 11:24:02
20260906100051369,7,BIG,2026-09-06 11:24:29
20260906100051370,9,BIG,2026-09-06 11:24:59
20260906100051371,9,BIG,2026-09-06 11:25:30
20260906100051372,0,SMALL,2026-09-06 11:26:00
20260906100051373,9,BIG,2026-09-06 11:26:30
20260906100051374,0,SMALL,2026-09-06 11:27:01
20260906100051375,4,SMALL,2026-09-06 11:27:31
20260906100051376,8,BIG,2026-09-06 11:28:01
20260906100051377,9,BIG,2026-09-06 11:28:30
20260906100051378,5,BIG,2026-09-06 11:29:00
20260906100051379,7,BIG,2026-09-06 11:29:30
20260906100051380,0,SMALL,2026-09-06 11:30:01
20260906100051381,7,BIG,2026-09-06 11:30:30
20260906100051382,9,BIG,2026-09-06 11:31:00
20260906100051383,3,SMALL,2026-09-06 11:31:30
20260906100051384,4,SMALL,2026-09-06 11:32:00
20260906100051385,5,BIG,2026-09-06 11:32:31
20260906100051386,0,SMALL,2026-09-06 11:33:02
20260906100051387,7,BIG,2026-09-06 11:33:27
20260906100051388,8,BIG,2026-09-06 11:34:02
20260906100051389,1,SMALL,2026-09-06 11:34:28
20260906100051390,7,BIG,2026-09-06 11:34:58
20260906100051391,9,BIG,2026-09-06 11:35:28
20260906100051392,9,BIG,2026-09-06 11:35:58
20260906100051393,0,SMALL,2026-09-06 11:36:29
20260906100051394,6,BIG,2026-09-06 11:36:59
20260906100051395,3,SMALL,2026-09-06 11:37:30
20260906100051396,9,BIG,2026-09-06 11:38:01
20260906100051397,8,BIG,2026-09-06 11:38:27
20260906100051398,7,BIG,2026-09-06 11:38:58
20260906100051399,7,BIG,2026-09-06 11:39:28
20260906100051400,9,BIG,2026-09-06 11:39:58
20260906100051401,7,BIG,2026-09-06 11:40:28
20260906100051402,0,SMALL,2026-09-06 11:40:57
20260906100051403,2,SMALL,2026-09-06 11:41:27
20260906100051404,6,BIG,2026-09-06 11:41:58
20260906100051405,6,BIG,2026-09-06 11:42:29
20260906100051406,2,SMALL,2026-09-06 11:43:00
20260906100051407,7,BIG,2026-09-06 11:43:30
20260906100051408,7,BIG,2026-09-06 11:43:59
20260906100051409,2,SMALL,2026-09-06 11:44:30
20260906100051410,3,SMALL,2026-09-06 11:45:01
20260906100051411,3,SMALL,2026-09-06 11:45:31
20260906100051412,6,BIG,2026-09-06 11:46:01
20260906100051413,7,BIG,2026-09-06 11:46:31
20260906100051414,3,SMALL,2026-09-06 11:47:01
20260906100051415,9,BIG,2026-09-06 11:47:32
20260906100051416,2,SMALL,2026-09-06 11:48:02
20260906100051417,3,SMALL,2026-09-06 11:48:27
20260906100051418,7,BIG,2026-09-06 11:48:58
20260906100051419,3,SMALL,2026-09-06 11:49:28
20260906100051420,1,SMALL,2026-09-06 11:49:58
20260906100051421,8,BIG,2026-09-06 11:50:29
20260906100051422,7,BIG,2026-09-06 11:50:59
20260906100051423,6,BIG,2026-09-06 11:51:29
20260906100051424,7,BIG,2026-09-06 11:51:59
20260906100051425,9,BIG,2026-09-06 11:52:29
20260906100051426,1,SMALL,2026-09-06 11:52:59
20260906100051427,1,SMALL,2026-09-06 11:53:28
20260906100051428,6,BIG,2026-09-06 11:53:58
20260906100051429,7,BIG,2026-09-06 11:54:27
20260906100051430,7,BIG,2026-09-06 11:54:57
20260906100051431,8,BIG,2026-09-06 11:55:27
20260906100051432,9,BIG,2026-09-06 11:56:02
20260906100051433,1,SMALL,2026-09-06 11:56:31
20260906100051434,3,SMALL,2026-09-06 11:57:01
20260906100051435,2,SMALL,2026-09-06 11:57:35
20260906100051436,6,BIG,2026-09-06 11:57:59
20260906100051437,9,BIG,2026-09-06 11:58:29
20260906100051438,0,SMALL,2026-09-06 11:58:59
20260906100051439,9,BIG,2026-09-06 11:59:29
20260906100051440,4,SMALL,2026-09-06 11:59:59
20260906100051441,3,SMALL,2026-09-06 12:00:29
20260906100051442,1,SMALL,2026-09-06 12:00:59
20260906100051443,9,BIG,2026-09-06 12:01:29
20260906100051444,3,SMALL,2026-09-06 12:01:58
20260906100051445,7,BIG,2026-09-06 12:02:28
20260906100051446,0,SMALL,2026-09-06 12:02:58
20260906100051447,7,BIG,2026-09-06 12:03:28
20260906100051448,9,BIG,2026-09-06 12:03:58
20260906100051449,0,SMALL,2026-09-06 12:04:28
20260906100051450,8,BIG,2026-09-06 12:04:58
20260906100051451,4,SMALL,2026-09-06 12:05:28
20260906100051452,8,BIG,2026-09-06 12:05:57
20260906100051453,6,BIG,2026-09-06 12:06:27
20260906100051454,8,BIG,2026-09-06 12:06:58
20260906100051455,2,SMALL,2026-09-06 12:07:28
20260906100051456,8,BIG,2026-09-06 12:07:58
20260906100051457,7,BIG,2026-09-06 12:08:28
20260906100051458,6,BIG,2026-09-06 12:08:57
20260906100051459,8,BIG,2026-09-06 12:09:27
20260906100051460,3,SMALL,2026-09-06 12:09:57
20260906100051461,3,SMALL,2026-09-06 12:10:27
20260906100051462,4,SMALL,2026-09-06 12:10:57
20260906100051463,3,SMALL,2026-09-06 12:11:27
20260906100051464,6,BIG,2026-09-06 12:11:57
20260906100051465,7,BIG,2026-09-06 12:12:27
20260906100051466,7,BIG,2026-09-06 12:13:01
20260906100051467,4,SMALL,2026-09-06 12:13:31
20260906100051468,0,SMALL,2026-09-06 12:14:01
20260906100051469,2,SMALL,2026-09-06 12:14:31
20260906100051470,6,BIG,2026-09-06 12:15:01
20260906100051471,7,BIG,2026-09-06 12:15:31
20260906100051472,8,BIG,2026-09-06 12:16:01
20260906100051473,9,BIG,2026-09-06 12:16:31
20260906100051474,3,SMALL,2026-09-06 12:17:01
20260906100051475,4,SMALL,2026-09-06 12:17:30
20260906100051476,0,SMALL,2026-09-06 12:18:00
20260906100051477,2,SMALL,2026-09-06 12:18:30
20260906100051478,6,BIG,2026-09-06 12:18:59
20260906100051479,9,BIG,2026-09-06 12:19:29
20260906100051480,9,BIG,2026-09-06 12:19:59
20260906100051481,4,SMALL,2026-09-06 12:20:29
20260906100051482,4,SMALL,2026-09-06 12:20:59
20260906100051483,1,SMALL,2026-09-06 12:21:29
20260906100051484,6,BIG,2026-09-06 12:21:59
20260906100051485,4,SMALL,2026-09-06 12:22:29
20260906100051486,4,SMALL,2026-09-06 12:22:59
20260906100051487,9,BIG,2026-09-06 12:23:29
20260906100051488,6,BIG,2026-09-06 12:24:00
20260906100051489,9,BIG,2026-09-06 12:24:30
20260906100051490,7,BIG,2026-09-06 12:25:00
20260906100051491,3,SMALL,2026-09-06 12:25:30
20260906100051492,9,BIG,2026-09-06 12:26:00
20260906100051493,3,SMALL,2026-09-06 12:26:30
20260906100051494,1,SMALL,2026-09-06 12:26:59
20260906100051495,6,BIG,2026-09-06 12:27:29
20260906100051496,7,BIG,2026-09-06 12:27:59
20260906100051497,6,BIG,2026-09-06 12:28:28
20260906100051498,8,BIG,2026-09-06 12:28:58
20260906100051499,1,SMALL,2026-09-06 12:29:32
20260906100051500,1,SMALL,2026-09-06 12:29:59
20260906100051501,9,BIG,2026-09-06 12:30:29
20260906100051502,8,BIG,2026-09-06 12:30:59
20260906100051503,5,BIG,2026-09-06 12:31:28
20260906100051504,1,SMALL,2026-09-06 12:31:59
20260906100051505,2,SMALL,2026-09-06 12:32:29
20260906100051506,0,SMALL,2026-09-06 12:33:00
20260906100051507,6,BIG,2026-09-06 12:33:30
20260906100051508,5,BIG,2026-09-06 12:33:59
20260906100051509,7,BIG,2026-09-06 12:34:29
20260906100051510,5,BIG,2026-09-06 12:34:59
20260906100051511,7,BIG,2026-09-06 12:35:29
20260906100051512,6,BIG,2026-09-06 12:35:59
20260906100051513,0,SMALL,2026-09-06 12:36:29
20260906100051514,0,SMALL,2026-09-06 12:36:59
20260906100051515,3,SMALL,2026-09-06 12:37:29
20260906100051516,5,BIG,2026-09-06 12:37:59
20260906100051517,7,BIG,2026-09-06 12:38:29
20260906100051518,4,SMALL,2026-09-06 12:38:59
20260906100051519,9,BIG,2026-09-06 12:39:29
20260906100051520,2,SMALL,2026-09-06 12:39:59
20260906100051521,1,SMALL,2026-09-06 12:40:29
20260906100051522,5,BIG,2026-09-06 12:40:59
20260906100051523,4,SMALL,2026-09-06 12:41:30
20260906100051524,3,SMALL,2026-09-06 12:42:00
20260906100051525,2,SMALL,2026-09-06 12:42:30
20260906100051526,4,SMALL,2026-09-06 12:43:01
20260906100051527,1,SMALL,2026-09-06 12:43:32
20260906100051528,4,SMALL,2026-09-06 12:44:02
20260906100051529,1,SMALL,2026-09-06 12:44:31
20260906100051530,9,BIG,2026-09-06 12:44:57
20260906100051531,7,BIG,2026-09-06 12:45:32
20260906100051532,6,BIG,2026-09-06 12:45:57
20260906100051533,6,BIG,2026-09-06 12:46:27
20260906100051534,6,BIG,2026-09-06 12:46:57
20260906100051535,7,BIG,2026-09-06 12:47:27
20260906100051536,8,BIG,2026-09-06 12:47:58
20260906100051537,6,BIG,2026-09-06 12:48:28
20260906100051538,3,SMALL,2026-09-06 12:48:58
20260906100051539,9,BIG,2026-09-06 12:49:28
20260906100051540,9,BIG,2026-09-06 12:49:58
20260906100051541,6,BIG,2026-09-06 12:50:28
20260906100051542,0,SMALL,2026-09-06 12:50:58
20260906100051543,7,BIG,2026-09-06 12:51:28
20260906100051544,9,BIG,2026-09-06 12:51:58
20260906100051545,8,BIG,2026-09-06 12:52:28
20260906100051546,3,SMALL,2026-09-06 12:52:58
20260906100051547,7,BIG,2026-09-06 12:53:27
20260906100051548,4,SMALL,2026-09-06 12:53:57
20260906100051549,4,SMALL,2026-09-06 12:54:27
20260906100051550,7,BIG,2026-09-06 12:54:58
20260906100051551,5,BIG,2026-09-06 12:55:28
20260906100051552,4,SMALL,2026-09-06 12:55:58
20260906100051553,5,BIG,2026-09-06 12:56:28
20260906100051554,0,SMALL,2026-09-06 12:56:57
20260906100051555,3,SMALL,2026-09-06 12:57:27
20260906100051556,9,BIG,2026-09-06 12:57:57
20260906100051557,5,BIG,2026-09-06 12:58:31
20260906100051558,6,BIG,2026-09-06 12:59:01
20260906100051559,3,SMALL,2026-09-06 12:59:31
20260906100051560,1,SMALL,2026-09-06 13:00:01
20260906100051561,4,SMALL,2026-09-06 13:00:31
20260906100051562,7,BIG,2026-09-06 13:01:01
20260906100051563,9,BIG,2026-09-06 13:01:30
20260906100051564,8,BIG,2026-09-06 13:02:00
20260906100051565,2,SMALL,2026-09-06 13:02:31
20260906100051566,8,BIG,2026-09-06 13:03:01
20260906100051567,9,BIG,2026-09-06 13:03:31
20260906100051568,6,BIG,2026-09-06 13:04:01
20260906100051569,2,SMALL,2026-09-06 13:04:32
20260906100051570,7,BIG,2026-09-06 13:04:58
20260906100051571,0,SMALL,2026-09-06 13:05:29
20260906100051572,7,BIG,2026-09-06 13:06:01
20260906100051573,9,BIG,2026-09-06 13:06:28
20260906100051574,0,SMALL,2026-09-06 13:07:01
20260906100051575,6,BIG,2026-09-06 13:07:29
20260906100051576,3,SMALL,2026-09-06 13:08:00
20260906100051577,8,BIG,2026-09-06 13:08:32
20260906100051578,7,BIG,2026-09-06 13:08:59
20260906100051579,5,BIG,2026-09-06 13:09:31
20260906100051580,7,BIG,2026-09-06 13:09:57
20260906100051581,3,SMALL,2026-09-06 13:10:28
20260906100051582,8,BIG,2026-09-06 13:10:59
20260906100051583,8,BIG,2026-09-06 13:11:28
20260906100051584,3,SMALL,2026-09-06 13:11:58
20260906100051585,3,SMALL,2026-09-06 13:12:29
20260906100051586,8,BIG,2026-09-06 13:12:58
20260906100051587,4,SMALL,2026-09-06 13:13:29
20260906100051588,7,BIG,2026-09-06 13:13:59
20260906100051589,3,SMALL,2026-09-06 13:14:30
20260906100051590,6,BIG,2026-09-06 13:15:00
20260906100051591,9,BIG,2026-09-06 13:15:27
20260906100051592,4,SMALL,2026-09-06 13:15:57
20260906100051593,5,BIG,2026-09-06 13:16:28
20260906100051594,0,SMALL,2026-09-06 13:17:01
20260906100051595,8,BIG,2026-09-06 13:17:31
20260906100051596,2,SMALL,2026-09-06 13:18:02
20260906100051597,4,SMALL,2026-09-06 13:18:27
20260906100051598,4,SMALL,2026-09-06 13:18:57
20260906100051599,0,SMALL,2026-09-06 13:19:27
20260906100051600,6,BIG,2026-09-06 13:19:58
20260906100051601,0,SMALL,2026-09-06 13:20:28
20260906100051602,7,BIG,2026-09-06 13:20:59
20260906100051603,4,SMALL,2026-09-06 13:21:29
20260906100051604,1,SMALL,2026-09-06 13:22:00
20260906100051605,8,BIG,2026-09-06 13:22:30
20260906100051606,1,SMALL,2026-09-06 13:23:01
20260906100051607,6,BIG,2026-09-06 13:23:31
20260906100051608,7,BIG,2026-09-06 13:24:01
20260906100051609,2,SMALL,2026-09-06 13:24:32
20260906100051610,8,BIG,2026-09-06 13:25:02
20260906100051611,0,SMALL,2026-09-06 13:25:27
20260906100051612,4,SMALL,2026-09-06 13:25:58
20260906100051613,7,BIG,2026-09-06 13:26:28
20260906100051614,3,SMALL,2026-09-06 13:26:58
20260906100051615,2,SMALL,2026-09-06 13:27:29
20260906100051616,0,SMALL,2026-09-06 13:27:59
20260906100051617,3,SMALL,2026-09-06 13:28:29
20260906100051618,1,SMALL,2026-09-06 13:28:59
20260906100051619,8,BIG,2026-09-06 13:29:29
20260906100051620,7,BIG,2026-09-06 13:29:59
20260906100051621,6,BIG,2026-09-06 13:30:30
20260906100051622,9,BIG,2026-09-06 13:30:59
20260906100051623,5,BIG,2026-09-06 13:31:29
20260906100051624,6,BIG,2026-09-06 13:31:59
20260906100051625,5,BIG,2026-09-06 13:32:29
20260906100051626,6,BIG,2026-09-06 13:33:00
20260906100051627,1,SMALL,2026-09-06 13:33:30
20260906100051628,8,BIG,2026-09-06 13:34:00
20260906100051629,7,BIG,2026-09-06 13:34:30
20260906100051630,1,SMALL,2026-09-06 13:35:00
20260906100051631,2,SMALL,2026-09-06 13:35:30
20260906100051632,8,BIG,2026-09-06 13:36:00
20260906100051633,2,SMALL,2026-09-06 13:36:30
20260906100051634,1,SMALL,2026-09-06 13:37:00
20260906100051635,4,SMALL,2026-09-06 13:37:29
20260906100051636,4,SMALL,2026-09-06 13:38:00
20260906100051637,4,SMALL,2026-09-06 13:38:30
20260906100051638,7,BIG,2026-09-06 13:38:59
20260906100051639,4,SMALL,2026-09-06 13:39:29
20260906100051640,7,BIG,2026-09-06 13:39:59
20260906100051641,3,SMALL,2026-09-06 13:40:29
20260906100051642,9,BIG,2026-09-06 13:40:59
20260906100051643,2,SMALL,2026-09-06 13:41:30
20260906100051644,7,BIG,2026-09-06 13:42:00
20260906100051645,6,BIG,2026-09-06 13:42:30
20260906100051646,6,BIG,2026-09-06 13:43:01
20260906100051647,8,BIG,2026-09-06 13:43:31
20260906100051648,7,BIG,2026-09-06 13:44:01
20260906100051649,8,BIG,2026-09-06 13:44:31
20260906100051650,7,BIG,2026-09-06 13:45:01
20260906100051651,6,BIG,2026-09-06 13:45:31
20260906100051652,2,SMALL,2026-09-06 13:46:01
20260906100051653,9,BIG,2026-09-06 13:46:27
20260906100051654,9,BIG,2026-09-06 13:46:58
20260906100051655,6,BIG,2026-09-06 13:47:29
20260906100051656,0,SMALL,2026-09-06 13:48:01
20260906100051657,6,BIG,2026-09-06 13:48:32
20260906100051658,0,SMALL,2026-09-06 13:48:57
20260906100051659,6,BIG,2026-09-06 13:49:29
20260906100051660,0,SMALL,2026-09-06 13:50:00
20260906100051661,9,BIG,2026-09-06 13:50:30
20260906100051662,6,BIG,2026-09-06 13:51:01
20260906100051663,0,SMALL,2026-09-06 13:51:31
20260906100051664,2,SMALL,2026-09-06 13:52:01
20260906100051665,4,SMALL,2026-09-06 13:52:31
20260906100051666,2,SMALL,2026-09-06 13:53:01
20260906100051667,1,SMALL,2026-09-06 13:53:32
20260906100051668,2,SMALL,2026-09-06 13:53:58
20260906100051669,7,BIG,2026-09-06 13:54:28
20260906100051670,1,SMALL,2026-09-06 13:54:58
20260906100051671,2,SMALL,2026-09-06 13:55:28
20260906100051672,8,BIG,2026-09-06 13:55:58
20260906100051673,5,BIG,2026-09-06 13:56:28
20260906100051674,9,BIG,2026-09-06 13:56:58
20260906100051675,8,BIG,2026-09-06 13:57:27
20260906100051676,2,SMALL,2026-09-06 13:57:57
20260906100051677,5,BIG,2026-09-06 13:58:27
20260906100051678,5,BIG,2026-09-06 13:58:57
20260906100051679,2,SMALL,2026-09-06 13:59:27
20260906100051680,7,BIG,2026-09-06 13:59:57
20260906100051681,2,SMALL,2026-09-06 14:00:28
20260906100051682,8,BIG,2026-09-06 14:01:00
20260906100051683,3,SMALL,2026-09-06 14:01:30
20260906100051684,4,SMALL,2026-09-06 14:02:00
20260906100051685,1,SMALL,2026-09-06 14:02:31
20260906100051686,0,SMALL,2026-09-06 14:03:01
20260906100051687,9,BIG,2026-09-06 14:03:31
20260906100051688,4,SMALL,2026-09-06 14:04:01
20260906100051689,0,SMALL,2026-09-06 14:04:32
20260906100051690,3,SMALL,2026-09-06 14:05:02
20260906100051691,0,SMALL,2026-09-06 14:05:27
20260906100051692,1,SMALL,2026-09-06 14:05:58
20260906100051693,4,SMALL,2026-09-06 14:06:28
20260906100051694,2,SMALL,2026-09-06 14:06:59
20260906100051695,0,SMALL,2026-09-06 14:07:29
20260906100051696,7,BIG,2026-09-06 14:07:59
20260906100051697,1,SMALL,2026-09-06 14:08:29
20260906100051698,9,BIG,2026-09-06 14:08:59
20260906100051699,4,SMALL,2026-09-06 14:09:29
20260906100051700,1,SMALL,2026-09-06 14:10:00
20260906100051701,4,SMALL,2026-09-06 14:10:30
20260906100051702,1,SMALL,2026-09-06 14:11:01
20260906100051703,2,SMALL,2026-09-06 14:11:32
20260906100051704,2,SMALL,2026-09-06 14:11:58
20260906100051705,6,BIG,2026-09-06 14:12:28
20260906100051706,1,SMALL,2026-09-06 14:12:59
20260906100051707,8,BIG,2026-09-06 14:13:30
20260906100051708,6,BIG,2026-09-06 14:14:01
20260906100051709,2,SMALL,2026-09-06 14:14:27
20260906100051710,3,SMALL,2026-09-06 14:14:58
20260906100051711,6,BIG,2026-09-06 14:15:29
20260906100051712,7,BIG,2026-09-06 14:16:01
20260906100051713,2,SMALL,2026-09-06 14:16:31
20260906100051714,3,SMALL,2026-09-06 14:16:57
20260906100051715,1,SMALL,2026-09-06 14:17:29
20260906100051716,9,BIG,2026-09-06 14:17:59
20260906100051717,8,BIG,2026-09-06 14:18:30
20260906100051718,9,BIG,2026-09-06 14:19:02
20260906100051719,2,SMALL,2026-09-06 14:19:29
20260906100051720,8,BIG,2026-09-06 14:19:57
20260906100051721,5,BIG,2026-09-06 14:20:28
20260906100051722,6,BIG,2026-09-06 14:20:59
20260906100051723,3,SMALL,2026-09-06 14:21:30
20260906100051724,2,SMALL,2026-09-06 14:21:58
20260906100051725,6,BIG,2026-09-06 14:22:29
20260906100051726,3,SMALL,2026-09-06 14:23:01
20260906100051727,5,BIG,2026-09-06 14:23:27
20260906100051728,7,BIG,2026-09-06 14:23:58
20260906100051729,6,BIG,2026-09-06 14:24:29
20260906100051730,7,BIG,2026-09-06 14:24:59
20260906100051731,4,SMALL,2026-09-06 14:25:30
20260906100051732,9,BIG,2026-09-06 14:26:01
20260906100051733,9,BIG,2026-09-06 14:26:28
20260906100051734,1,SMALL,2026-09-06 14:27:00
20260906100051735,0,SMALL,2026-09-06 14:27:30
20260906100051736,7,BIG,2026-09-06 14:28:01
20260906100051737,5,BIG,2026-09-06 14:28:32
20260906100051738,5,BIG,2026-09-06 14:28:58
20260906100051739,0,SMALL,2026-09-06 14:29:28
20260906100051740,2,SMALL,2026-09-06 14:29:59
20260906100051741,4,SMALL,2026-09-06 14:30:29
20260906100051742,3,SMALL,2026-09-06 14:30:59
20260906100051743,2,SMALL,2026-09-06 14:31:30
20260906100051744,7,BIG,2026-09-06 14:32:01
20260906100051745,5,BIG,2026-09-06 14:32:27
20260906100051746,4,SMALL,2026-09-06 14:32:58
20260906100051747,8,BIG,2026-09-06 14:33:29
20260906100051748,4,SMALL,2026-09-06 14:33:59
20260906100051749,6,BIG,2026-09-06 14:34:28
20260906100051750,8,BIG,2026-09-06 14:34:58
20260906100051751,5,BIG,2026-09-06 14:35:29
20260906100051752,4,SMALL,2026-09-06 14:36:00
20260906100051753,9,BIG,2026-09-06 14:36:31
20260906100051754,1,SMALL,2026-09-06 14:36:57
20260906100051755,2,SMALL,2026-09-06 14:37:29
20260906100051756,8,BIG,2026-09-06 14:38:00
20260906100051757,2,SMALL,2026-09-06 14:38:30
20260906100051758,4,SMALL,2026-09-06 14:39:00
20260906100051759,7,BIG,2026-09-06 14:39:31
20260906100051760,2,SMALL,2026-09-06 14:39:57
20260906100051761,5,BIG,2026-09-06 14:40:28
20260906100051762,6,BIG,2026-09-06 14:40:58
20260906100051763,8,BIG,2026-09-06 14:41:29
20260906100051764,4,SMALL,2026-09-06 14:42:00
20260906100051765,0,SMALL,2026-09-06 14:42:30
20260906100051766,8,BIG,2026-09-06 14:43:01
20260906100051767,7,BIG,2026-09-06 14:43:27
20260906100051768,9,BIG,2026-09-06 14:43:58
20260906100051769,1,SMALL,2026-09-06 14:44:28
20260906100051770,8,BIG,2026-09-06 14:44:59
20260906100051771,7,BIG,2026-09-06 14:45:30
20260906100051772,5,BIG,2026-09-06 14:46:02
20260906100051773,8,BIG,2026-09-06 14:46:30
20260906100051774,8,BIG,2026-09-06 14:47:02
20260906100051775,9,BIG,2026-09-06 14:47:28
20260906100051776,3,SMALL,2026-09-06 14:47:59
20260906100051777,7,BIG,2026-09-06 14:48:30
20260906100051778,7,BIG,2026-09-06 14:49:00
20260906100051779,6,BIG,2026-09-06 14:49:31
20260906100051780,4,SMALL,2026-09-06 14:50:01
20260906100051781,3,SMALL,2026-09-06 14:50:31
20260906100051782,7,BIG,2026-09-06 14:51:02
20260906100051783,9,BIG,2026-09-06 14:51:32
20260906100051784,6,BIG,2026-09-06 14:51:58
20260906100051785,1,SMALL,2026-09-06 14:52:28
20260906100051786,8,BIG,2026-09-06 14:52:58
20260906100051787,3,SMALL,2026-09-06 14:53:28
20260906100051788,9,BIG,2026-09-06 14:53:58
20260906100051789,7,BIG,2026-09-06 14:54:28
20260906100051790,9,BIG,2026-09-06 14:54:59
20260906100051791,6,BIG,2026-09-06 14:55:28
20260906100051792,2,SMALL,2026-09-06 14:55:59
20260906100051793,1,SMALL,2026-09-06 14:56:29
20260906100051794,0,SMALL,2026-09-06 14:56:59
20260906100051795,0,SMALL,2026-09-06 14:57:29
20260906100051796,0,SMALL,2026-09-06 14:57:59
20260906100051797,0,SMALL,2026-09-06 14:58:29
20260906100051798,6,BIG,2026-09-06 14:58:59
20260906100051799,5,BIG,2026-09-06 14:59:29
20260906100051800,0,SMALL,2026-09-06 14:59:59
20260906100051801,8,BIG,2026-09-06 15:00:30
20260906100051802,1,SMALL,2026-09-06 15:01:00
20260906100051803,3,SMALL,2026-09-06 15:01:30
20260906100051804,8,BIG,2026-09-06 15:02:00
20260906100051805,3,SMALL,2026-09-06 15:02:30
20260906100051806,0,SMALL,2026-09-06 15:03:01
20260906100051807,1,SMALL,2026-09-06 15:03:31
20260906100051808,1,SMALL,2026-09-06 15:04:01
20260906100051809,2,SMALL,2026-09-06 15:04:31
20260906100051810,2,SMALL,2026-09-06 15:05:01
20260906100051811,5,BIG,2026-09-06 15:05:32
20260906100051812,1,SMALL,2026-09-06 15:06:02
20260906100051813,4,SMALL,2026-09-06 15:06:27
20260906100051814,7,BIG,2026-09-06 15:06:58
20260906100051815,9,BIG,2026-09-06 15:07:28
20260906100051816,1,SMALL,2026-09-06 15:07:58
20260906100051817,3,SMALL,2026-09-06 15:08:28
20260906100051818,7,BIG,2026-09-06 15:08:58
20260906100051819,6,BIG,2026-09-06 15:09:28
20260906100051820,4,SMALL,2026-09-06 15:09:59
20260906100051821,9,BIG,2026-09-06 15:10:31
20260906100051822,4,SMALL,2026-09-06 15:11:01
20260906100051823,2,SMALL,2026-09-06 15:11:31
20260906100051824,7,BIG,2026-09-06 15:12:01
20260906100051825,2,SMALL,2026-09-06 15:12:31
20260906100051826,9,BIG,2026-09-06 15:13:01
20260906100051827,5,BIG,2026-09-06 15:13:31
20260906100051828,3,SMALL,2026-09-06 15:14:02
20260906100051829,8,BIG,2026-09-06 15:14:32
20260906100051830,2,SMALL,2026-09-06 15:14:57
20260906100051831,2,SMALL,2026-09-06 15:15:28
20260906100051832,1,SMALL,2026-09-06 15:15:59
20260906100051833,1,SMALL,2026-09-06 15:16:29
20260906100051834,1,SMALL,2026-09-06 15:16:59
20260906100051835,0,SMALL,2026-09-06 15:17:30
20260906100051836,0,SMALL,2026-09-06 15:18:01
20260906100051837,4,SMALL,2026-09-06 15:18:31
20260906100051838,4,SMALL,2026-09-06 15:18:57
20260906100051839,4,SMALL,2026-09-06 15:19:28
20260906100051840,4,SMALL,2026-09-06 15:19:59
20260906100051841,8,BIG,2026-09-06 15:20:29
20260906100051842,3,SMALL,2026-09-06 15:20:59
20260906100051843,2,SMALL,2026-09-06 15:21:30
20260906100051844,7,BIG,2026-09-06 15:22:00
20260906100051845,1,SMALL,2026-09-06 15:22:30
20260906100051846,7,BIG,2026-09-06 15:23:01
20260906100051847,7,BIG,2026-09-06 15:23:31
20260906100051848,4,SMALL,2026-09-06 15:23:58
20260906100051849,4,SMALL,2026-09-06 15:24:28
20260906100051850,5,BIG,2026-09-06 15:24:58
20260906100051851,4,SMALL,2026-09-06 15:25:29
20260906100051852,4,SMALL,2026-09-06 15:25:59
20260906100051853,8,BIG,2026-09-06 15:26:30
20260906100051854,1,SMALL,2026-09-06 15:27:02
20260906100051855,0,SMALL,2026-09-06 15:27:27
20260906100051856,5,BIG,2026-09-06 15:27:58
20260906100051857,5,BIG,2026-09-06 15:28:29
20260906100051858,9,BIG,2026-09-06 15:29:01
20260906100051859,3,SMALL,2026-09-06 15:29:28
20260906100051860,5,BIG,2026-09-06 15:29:59
20260906100051861,3,SMALL,2026-09-06 15:30:30
20260906100051862,2,SMALL,2026-09-06 15:31:01
20260906100051863,8,BIG,2026-09-06 15:31:31
20260906100051864,3,SMALL,2026-09-06 15:31:58
20260906100051865,2,SMALL,2026-09-06 15:32:29
20260906100051866,0,SMALL,2026-09-06 15:33:00
20260906100051867,4,SMALL,2026-09-06 15:33:30
20260906100051868,1,SMALL,2026-09-06 15:34:00
20260906100051869,5,BIG,2026-09-06 15:34:32
20260906100051870,2,SMALL,2026-09-06 15:34:57
20260906100051871,9,BIG,2026-09-06 15:35:28
20260906100051872,8,BIG,2026-09-06 15:35:58
20260906100051873,3,SMALL,2026-09-06 15:36:28
20260906100051874,1,SMALL,2026-09-06 15:36:58
20260906100051875,1,SMALL,2026-09-06 15:37:29
20260906100051876,0,SMALL,2026-09-06 15:37:59
20260906100051877,6,BIG,2026-09-06 15:38:30
20260906100051878,9,BIG,2026-09-06 15:39:01
20260906100051879,0,SMALL,2026-09-06 15:39:31
20260906100051880,0,SMALL,2026-09-06 15:40:02
20260906100051881,1,SMALL,2026-09-06 15:40:28
20260906100051882,5,BIG,2026-09-06 15:40:58
20260906100051883,0,SMALL,2026-09-06 15:41:29
20260906100051884,4,SMALL,2026-09-06 15:42:01
20260906100051885,7,BIG,2026-09-06 15:42:27
20260906100051886,5,BIG,2026-09-06 15:42:59
20260906100051887,4,SMALL,2026-09-06 15:43:31
20260906100051888,4,SMALL,2026-09-06 15:44:02
20260906100051889,0,SMALL,2026-09-06 15:44:28
20260906100051890,7,BIG,2026-09-06 15:44:58
20260906100051891,0,SMALL,2026-09-06 15:45:29
20260906100051892,8,BIG,2026-09-06 15:46:00
20260906100051893,5,BIG,2026-09-06 15:46:30
20260906100051894,2,SMALL,2026-09-06 15:47:01
20260906100051895,8,BIG,2026-09-06 15:47:31
20260906100051896,4,SMALL,2026-09-06 15:47:57
20260906100051897,8,BIG,2026-09-06 15:48:28
20260906100051898,0,SMALL,2026-09-06 15:48:58
20260906100051899,7,BIG,2026-09-06 15:49:29
20260906100051900,4,SMALL,2026-09-06 15:49:59
20260906100051901,1,SMALL,2026-09-06 15:50:30
20260906100051902,3,SMALL,2026-09-06 15:51:00
20260906100051903,5,BIG,2026-09-06 15:51:30
20260906100051904,8,BIG,2026-09-06 15:52:00
20260906100051905,0,SMALL,2026-09-06 15:52:31
20260906100051906,6,BIG,2026-09-06 15:53:01
20260906100051907,5,BIG,2026-09-06 15:53:32
20260906100051908,0,SMALL,2026-09-06 15:53:57
20260906100051909,3,SMALL,2026-09-06 15:54:27
20260906100051910,5,BIG,2026-09-06 15:54:57
20260906100051911,4,SMALL,2026-09-06 15:55:28
20260906100051912,6,BIG,2026-09-06 15:55:57
20260906100051913,7,BIG,2026-09-06 15:56:27
20260906100051914,0,SMALL,2026-09-06 15:56:58
20260906100051915,7,BIG,2026-09-06 15:57:29
20260906100051916,1,SMALL,2026-09-06 15:57:59
20260906100051917,3,SMALL,2026-09-06 15:58:30
20260906100051918,1,SMALL,2026-09-06 15:59:00
20260906100051919,6,BIG,2026-09-06 15:59:30
20260906100051920,1,SMALL,2026-09-06 16:00:00
20260906100051921,9,BIG,2026-09-06 16:00:31
20260906100051922,7,BIG,2026-09-06 16:00:58
20260906100051923,4,SMALL,2026-09-06 16:01:28
20260906100051924,6,BIG,2026-09-06 16:01:59
20260906100051925,3,SMALL,2026-09-06 16:02:29
20260906100051926,2,SMALL,2026-09-06 16:03:00
20260906100051927,3,SMALL,2026-09-06 16:03:31
20260906100051928,5,BIG,2026-09-06 16:03:57
20260906100051929,0,SMALL,2026-09-06 16:04:28
20260906100051930,9,BIG,2026-09-06 16:05:00
20260906100051931,0,SMALL,2026-09-06 16:05:32
20260906100051932,1,SMALL,2026-09-06 16:05:57
20260906100051933,6,BIG,2026-09-06 16:06:29
20260906100051934,9,BIG,2026-09-06 16:07:02
20260906100051935,9,BIG,2026-09-06 16:07:28
20260906100051936,0,SMALL,2026-09-06 16:08:01
20260906100051937,6,BIG,2026-09-06 16:08:27
20260906100051938,2,SMALL,2026-09-06 16:08:59
20260906100051939,8,BIG,2026-09-06 16:09:29
20260906100051940,9,BIG,2026-09-06 16:10:00
20260906100051941,0,SMALL,2026-09-06 16:10:30
20260906100051942,3,SMALL,2026-09-06 16:11:01
20260906100051943,2,SMALL,2026-09-06 16:11:32
20260906100051944,6,BIG,2026-09-06 16:11:58
20260906100051945,6,BIG,2026-09-06 16:12:28
20260906100051946,4,SMALL,2026-09-06 16:12:59
20260906100051947,9,BIG,2026-09-06 16:13:30
20260906100051948,9,BIG,2026-09-06 16:14:01
20260906100051949,4,SMALL,2026-09-06 16:14:27
20260906100051950,3,SMALL,2026-09-06 16:14:58
20260906100051951,6,BIG,2026-09-06 16:15:28
20260906100051952,0,SMALL,2026-09-06 16:15:59
20260906100051953,6,BIG,2026-09-06 16:16:29
20260906100051954,7,BIG,2026-09-06 16:16:59
20260906100051955,5,BIG,2026-09-06 16:17:29
20260906100051956,5,BIG,2026-09-06 16:17:59
20260906100051957,4,SMALL,2026-09-06 16:18:30
20260906100051958,8,BIG,2026-09-06 16:19:00
20260906100051959,2,SMALL,2026-09-06 16:19:30
20260906100051960,9,BIG,2026-09-06 16:20:00
20260906100051961,3,SMALL,2026-09-06 16:20:30
20260906100051962,2,SMALL,2026-09-06 16:21:01
20260906100051963,7,BIG,2026-09-06 16:21:32
20260906100051964,4,SMALL,2026-09-06 16:21:57
20260906100051965,8,BIG,2026-09-06 16:22:32
20260906100051966,7,BIG,2026-09-06 16:22:57
20260906100051967,9,BIG,2026-09-06 16:23:28
20260906100051968,1,SMALL,2026-09-06 16:23:58
20260906100051969,8,BIG,2026-09-06 16:24:28
20260906100051970,8,BIG,2026-09-06 16:24:58
20260906100051971,9,BIG,2026-09-06 16:25:28
20260906100051972,1,SMALL,2026-09-06 16:25:58
20260906100051973,6,BIG,2026-09-06 16:26:28
20260906100051974,8,BIG,2026-09-06 16:26:59
20260906100051975,2,SMALL,2026-09-06 16:27:29
20260906100051976,5,BIG,2026-09-06 16:27:59
20260906100051977,3,SMALL,2026-09-06 16:28:29
20260906100051978,7,BIG,2026-09-06 16:28:59
20260906100051979,1,SMALL,2026-09-06 16:29:29
20260906100051980,4,SMALL,2026-09-06 16:30:00
20260906100051981,2,SMALL,2026-09-06 16:30:31
20260906100051982,2,SMALL,2026-09-06 16:31:01
20260906100051983,6,BIG,2026-09-06 16:31:27
20260906100051984,8,BIG,2026-09-06 16:31:57
20260906100051985,2,SMALL,2026-09-06 16:32:27
20260906100051986,1,SMALL,2026-09-06 16:32:58
20260906100051987,1,SMALL,2026-09-06 16:33:28
20260906100051988,4,SMALL,2026-09-06 16:33:59
20260906100051989,0,SMALL,2026-09-06 16:34:29
20260906100051990,7,BIG,2026-09-06 16:35:00
20260906100051991,3,SMALL,2026-09-06 16:35:30
20260906100051992,6,BIG,2026-09-06 16:36:00
20260906100051993,1,SMALL,2026-09-06 16:36:31
20260906100051994,3,SMALL,2026-09-06 16:37:01
20260906100051995,1,SMALL,2026-09-06 16:37:31
20260906100051996,9,BIG,2026-09-06 16:38:00
20260906100051997,1,SMALL,2026-09-06 16:38:31
20260906100051998,4,SMALL,2026-09-06 16:39:01
20260906100051999,5,BIG,2026-09-06 16:39:28
20260906100052000,0,SMALL,2026-09-06 16:39:59
20260906100052001,4,SMALL,2026-09-06 16:40:30
20260906100052002,8,BIG,2026-09-06 16:41:00
20260906100052003,7,BIG,2026-09-06 16:41:30
20260906100052004,1,SMALL,2026-09-06 16:42:00
20260906100052005,0,SMALL,2026-09-06 16:42:30
20260906100052006,8,BIG,2026-09-06 16:43:00
20260906100052007,0,SMALL,2026-09-06 16:43:30
20260906100052008,2,SMALL,2026-09-06 16:44:00
20260906100052009,7,BIG,2026-09-06 16:44:31
20260906100052010,2,SMALL,2026-09-06 16:45:01
20260906100052011,2,SMALL,2026-09-06 16:45:31
20260906100052012,5,BIG,2026-09-06 16:46:01
20260906100052013,9,BIG,2026-09-06 16:46:32
20260906100052014,5,BIG,2026-09-06 16:47:01
20260906100052015,8,BIG,2026-09-06 16:47:27
20260906100052016,5,BIG,2026-09-06 16:47:57
20260906100052017,7,BIG,2026-09-06 16:48:27
20260906100052018,0,SMALL,2026-09-06 16:48:58
20260906100052019,8,BIG,2026-09-06 16:49:27
20260906100052020,1,SMALL,2026-09-06 16:49:57
20260906100052021,0,SMALL,2026-09-06 16:50:28
20260906100052022,3,SMALL,2026-09-06 16:50:57
20260906100052023,7,BIG,2026-09-06 16:51:28
20260906100052024,2,SMALL,2026-09-06 16:51:58
20260906100052025,4,SMALL,2026-09-06 16:52:28
20260906100052026,0,SMALL,2026-09-06 16:52:58
20260906100052027,0,SMALL,2026-09-06 16:53:28
20260906100052028,6,BIG,2026-09-06 16:53:58
20260906100052029,8,BIG,2026-09-06 16:54:28
20260906100052030,3,SMALL,2026-09-06 16:54:57
20260906100052031,4,SMALL,2026-09-06 16:55:27
20260906100052032,4,SMALL,2026-09-06 16:55:58
20260906100052033,6,BIG,2026-09-06 16:56:28
20260906100052034,9,BIG,2026-09-06 16:56:58
20260906100052035,0,SMALL,2026-09-06 16:57:28
20260906100052036,5,BIG,2026-09-06 16:57:59
20260906100052037,2,SMALL,2026-09-06 16:58:29
20260906100052038,3,SMALL,2026-09-06 16:58:59
20260906100052039,7,BIG,2026-09-06 16:59:29
20260906100052040,5,BIG,2026-09-06 16:59:59
20260906100052041,3,SMALL,2026-09-06 17:00:29
20260906100052042,4,SMALL,2026-09-06 17:01:00
20260906100052043,4,SMALL,2026-09-06 17:01:30
20260906100052044,9,BIG,2026-09-06 17:02:00
20260906100052045,8,BIG,2026-09-06 17:02:30
20260906100052046,3,SMALL,2026-09-06 17:03:00
20260906100052047,6,BIG,2026-09-06 17:03:31
20260906100052048,9,BIG,2026-09-06 17:04:01
20260906100052049,3,SMALL,2026-09-06 17:04:27
20260906100052050,9,BIG,2026-09-06 17:04:57
20260906100052051,6,BIG,2026-09-06 17:05:27
20260906100052052,8,BIG,2026-09-06 17:05:57
20260906100052053,9,BIG,2026-09-06 17:06:27
20260906100052054,4,SMALL,2026-09-06 17:06:58
20260906100052055,0,SMALL,2026-09-06 17:07:28
20260906100052056,4,SMALL,2026-09-06 17:07:59
20260906100052057,4,SMALL,2026-09-06 17:08:30
20260906100052058,0,SMALL,2026-09-06 17:09:00
20260906100052059,1,SMALL,2026-09-06 17:09:30
20260906100052060,8,BIG,2026-09-06 17:10:01
20260906100052061,8,BIG,2026-09-06 17:10:31
20260906100052062,2,SMALL,2026-09-06 17:11:01
20260906100052063,5,BIG,2026-09-06 17:11:32
20260906100052064,9,BIG,2026-09-06 17:12:01
20260906100052065,3,SMALL,2026-09-06 17:12:31
20260906100052066,9,BIG,2026-09-06 17:13:01
20260906100052067,5,BIG,2026-09-06 17:13:31
20260906100052068,1,SMALL,2026-09-06 17:14:01
20260906100052069,7,BIG,2026-09-06 17:14:31
20260906100052070,6,BIG,2026-09-06 17:15:02
20260906100052071,4,SMALL,2026-09-06 17:15:32
20260906100052072,7,BIG,2026-09-06 17:16:01
20260906100052073,5,BIG,2026-09-06 17:16:31
20260906100052074,9,BIG,2026-09-06 17:17:01
20260906100052075,9,BIG,2026-09-06 17:17:31
20260906100052076,4,SMALL,2026-09-06 17:18:01
20260906100052077,9,BIG,2026-09-06 17:18:31
20260906100052078,4,SMALL,2026-09-06 17:19:00
20260906100052079,2,SMALL,2026-09-06 17:19:30
